city	schoolName
0	224,317,342,344,345,1013,1033,1102,1106,1136,1290,1359,1414,1619,1659,1825,2363,2364,2365,2366,2467,2516,2581,2582,2656,2663,2694,2750,2803,2967,3042,3058,3187,3284,3408,3617,3694,3717,3806,3868,4136,4201,4256,4680,4681,4911,4912,5000,5038,5178,5376,5432,5451,5811,5931,6203,6781,7085,7195,7529,7646,7770,8126,8234,8540,8719,8879,8933,8986,9010,9079,9188,9206,9294,9406,9543,9628,9650,9706,9755,9832,9991,10007,10008,10011
1	1999,6614,6889,9260,9261
2	1232,5215,5659,8764,10093
3	163,168,169,778,2459,2680,2894,3272,3284,3963,4328,5194,6304,7635,7636,7861,8609,8610,8625,9015,9016,9026,9918
4	949,1606,2870,3408,3638,5614,5667,5698,6951,9936
5	227,228,1395,2451,2452,4605,6558,10038
6	332,6030,6031
7	359,360,1387,2466,6278
8	378,716,765,1382,1391,1600,1612,2135,2515,2532,2676,2772,3278,3437,3510,3571,3740,3955,4251,4426,4614,4633,4658,4721,5183,5248,5249,5314,5484,5503,5554,5685,5760,6421,6470,6665,6727,6732,6736,6740,6883,7162,7273,7525,7621,7775,7832,8185,8505,8802,8878,9658,9814,9829,10074
9	392,393,395,5833,6484
10	1276
11	468,470,471,861,930,977,1096,1448,2223,2299,2397,2617,3316,3661,4360,4730,5239,5298,5684,6001,6230,6953,8859,9238
12	503,712,3145,3202,4106,4202,5901,5902,6793
13	504,505,506,1891,3351,4369,5040,6493,6494,6495,6831,6846,8415,8416,8808,9192,9295
14	552,3830,6628,7025
15	1190,4614,4689,6397,6788,7833
16	636,637,3137,6111,6908,7949,7998,8150,8954
17	642,643,849,850,6026,7040,8280,9072
18	316,3007,7164,7166,8430
19	7499,7501,8827
20	685,1578,1679,1857,3190,3521,3956,5302,6193,6943,9413,9488
21	287,361,376,644,660,700,894,914,915,951,1177,1456,1497,1570,1627,1677,1761,1767,1921,1933,1945,1973,1994,2190,2332,2424,2460,2491,2509,2519,2525,2596,2612,2903,3067,3276,3284,3296,3309,3316,3341,3348,3596,3658,3700,3702,3823,3958,4046,4172,4175,4258,4260,4433,4714,4716,5042,5116,5118,5121,5157,5305,5408,5807,5983,6266,6446,6447,6545,6652,6715,6919,7010,7021,7170,7171,7329,7356,7358,7584,7718,7770,7779,7810,7852,8028,8385,8408,8502,8674,8698,8701,8702,8718,9012,9101,9354,9393,9394,9482,9551,9572,9607,9615,9665,9701,9720,9721,9767,9908,9937,9948,10163
22	711,1587,2938,4445,4688,5606,6472,6662,8127,9169,9535
23	731,732,1587,3166,3951,4093,5968,6395,10119
24	17,438,812,815,3543,4041,6882,8002
25	1427,1587,3247,6320,7377
26	889,890,891,1743,2043,2112,2660,2866,3289,4163,4433,4540,4739,5078,5304,5539,5709,6807,7459,7460,7792,8203,9013,9019,9020,9030,9087,9145,9298,9904
27	928,929,3883,6143
28	933,6477
29	945,947
30	970,971,4138
31	747,1071,2384,4352,5935,6268,7076
32	546,1072,1073,1074,1075,1764,3924,5034,6117,6657,8581,9914
33	122,1082,2689,3985,4260,4354,5153,5157,5162,5281,5683,5728,7144,7350,7767,9909
34	4573,6579
35	575,1172,1173,1174,1675,3539,3619,4096,4157,5469,7452,7835,8047
36	14,701,1200,3485,4098,4099,4166,4374,4461,4543,6106,7296,7373,9049,9062,9659,9932
37	1205,1206,2390,3284,4153,5811,6844,6866,7779,9521,9695
38	216,574,779,1270,3614,5008,5443
39	662,986,1288,1289,1619,2469,2910,4692,7741,9934
40	814,1138,5896,9153
41	950,1308,3318
42	1309,1310,6875
43	139,509,1321,1322,2479,3341,3427,4866,4992,5390,6085,7192,7260,7406,7430,8151,9103,9465
44	6333,6704
45	677,1177,1275,1430,1469,2719,4159,4433,4679,4841,4842,5501,6003,6672,7204,8618,9387
46	1441,1443
47	226,1362,1463,1464,1465,7595
48	18,90,94,351,352,400,444,1021,1023,1116,1117,1452,1454,1455,1473,1475,1477,1478,1479,1538,1539,2193,2303,2304,2438,2439,2443,2591,3337,3338,3555,5067,5068,5510,5511,8681,9157,9158,9275,9861
49	521,984,1472,1532,1599,1610,1623,2454,3795,4890,5429,7007,7930,9234
50	69,1063,1449,2427,3378,3611,3872,5066,6412,6534,8730,9167,9872,10030
51	91,932,1000,1228,1575,1665,1737,1738,1739,1801,3044,4144,4292,5232,5278,5632,5682,5821,6305,6518,6585,7190,7809,8294,8325,8371
52	220,437,1176,1266,1758,2410,2447,2571,2710,4179,5452,5505,6381,7393,9645
53	1055,1235,1383,1659,1759,1760,2093,2580,3495,3551,4019,5913,6575,7708,7761
54	1763,5880,7770,8685,9994
55	235,314,564,783,1024,1025,1320,1502,1514,1515,1516,1779,1780,1846,2021,2266,2412,2421,2620,2645,2646,2647,3099,3765,3818,3984,4077,4079,4080,4182,4676,5028,5127,5155,5277,5468,5686,5822,6229,6678,6683,6723,6783,6784,6911,6912,6975,7416,7752,7756,7807,7921,8683,9108,9353,9482,9601,10031
56	532,1327,1468,2782,3645,4771,5163,5655,5893,8026,8426,8829,8891,10077
57	1659,1827,1828,1966,1998,2234,2776,6606,7943,8788,9580
58	1211,1847,7219
59	1868,4433,9690
60	313,536,1161,1167,1555,1574,1605,1871,1872,1873,1875,1876,1878,1879,1907,2105,2543,2912,3306,3408,3431,3500,4433,5578,5991,6040,7458,7462,7527,8375,8935,9744,10073
61	1328,1887
62	1913,1914
63	73,214,1942,3491,7023,8083,9285,9697,9917,9932
64	1954,1955,1956,3477,4397
65	8602
66	1216,1569,1989,1990,2268,2409,2781,2866,2915,4578,4579,4679,5039,5781,5811,6404,6690,7370,7779,7785,7808,9095,9695,9974
67	682,1326,1842,1996,2395,2751,2759,3172,4054,4095,5279,5832,6075,6193,6209,6679,7336,7897,8247,8276,8398,8776,8790,8824,9853,10075,10084,10098,10099
68	1567,1944,2049,5785,6666,9794,10078
69	646,879,1569,1615,1807,2056,2060,2061,2068,2563,2742,3186,3413,4433,4477,4554,5086,5187,6729,6733,6969,7254,7289,8848,9485,9932,10069
70	2063,2065,2066,2602,6876,8393
71	689,1922,2076,2970,3015,3839,3927,4728,5207,5762,7024,7223,8480,9493,9635,9877,9991,10055
72	9074
73	36,753,869,1553,1701,2098,3130,3520,3540,4989,5003,5885,8380,8482,8715
74	912,1517,2136,2322,2820,4466,9287
75	73,1239,2187,2188,2208,3386,4139,4504,6061,6250,7925,8691,9680,9795,9915,9940
76	60,1826,2201,2335,3275,4632,5150,5609,6806
77	785,2242,3116,3283,3412,3446,3485,4065,4434,4501,4639,5610,5662,6791,6792,6922,8427,8784,8848,9062,9076,9820,9831,10069
78	6874,7553,7554
79	2331
80	838,2702,6862,9274
81	542,2399,2402,5313,5581,6925
82	389,1238,2435,2436,3715,5528,9186
83	1500
84	1950,2499,2500,3381,3438,3723,3903,6652,7616,8665,8852,9310,9673,9681,9948
85	399,808,2545,5770,6218,7855
86	2085,2546,2547,2802,3303,3838,4350,4380,4513,6253,8627,9382,9747
87	2555,2556,2557
88	603,604,1081,2077,2079,2634,2654,5392,5823,7443,7769,9042
89	4645,9209,9418
90	475,1264,1662,1704,2273,2301,2413,2618,2714,2715,2716,2717,3156,3174,3197,3199,3200,3656,3702,4132,4291,5149,5228,5229,5230,5486,5501,5903,6127,6167,6284,6789,7046,7905,8274,9616
91	719,1598,2281,3271,3923,4137,4241,5607,5704,8543,9993
92	697,1685,1724,2761,2762,3115,4446,4885,5091,5769,5991,6194,6348,9081,9265
93	3461,3490,5629,6998,7909,9554
94	517,1579,2779,2780,7576
95	174,526,572,1471,2080,2687,2698,2812,2816,2823,2824,2831,2840,3164,3239,3287,3840,3930,4376,4450,4499,4590,4595,4662,4919,5654,6112,7184,7447,7848,8713,9115,10161
96	117,1405,1407,1412,1413,2414,3157,6554,6555,6622,6623,6950,7019,7020,7976,7977,8832,8833
97	807,899,1587,1835,1836,1838,2019,2309,2310,2311,2949,2952,2953,3094,3104,3542,3987,3988,4021,4638,4829,5189,5958,6394,6451,6561,6731,7144,7330,7506,7596,7721,8062,8063,8064
98	2995,2996,2997
99	214,1536,2197,3006,3661,9695,10165
100	410,440,537,686,1572,1851,2032,2496,2578,2671,3052,3053,3054,3587,3603,3652,3697,3755,4131,4650,5031,5726,5757,6313,6584,6815,7300,7759,8243,8947,9123,9178,9181,9438,9741
101	2295,3467,4343
102	3120,3121
103	197,282,284,819,1378,1548,1659,1802,2200,2254,2263,2442,2472,2619,3182,3183,3184,3185,3853,3950,3965,3986,4638,4642,4646,4665,5237,5549,5912,6274,6482,6570,6655,6896,6967,7230,7442,7487,7879,8253,8277,8352,8530,8541,8775,8877,8957,9118,9719,9766,9787
104	2229,3219,6527,7487,9090
105	3222,8218
106	648,1043,1089,3236,8054
107	2102,2984,3240,3517,3811,4401,5336,5748,7175,8929,9605
108	2643,3245,3246,4556,4756,5689,7781
109	362,512,684,1103,1140,1249,1304,1305,1580,1794,2573,3213,3293,3313,3368,3523,3552,3871,4316,4394,4487,4502,4509,4512,4532,4587,4599,5096,6012,6013,6017,6018,6401,6546,6670,6968,7012,7713,8734,9086,9131,9362,9569,9674,9685,9697,9922,10115
110	127,157,432,591,681,683,696,916,938,966,1186,1213,1319,1416,1481,1482,1568,1590,1877,1945,2026,2028,2257,2313,2389,2658,2679,2681,2685,2735,2930,2933,3024,3035,3084,3133,3159,3218,3224,3226,3329,3330,3505,3518,3659,3776,3794,3864,3975,3999,4097,4319,4345,4364,4392,4407,4433,4552,4555,4657,4703,4704,4742,4802,4822,4977,5045,5189,5414,5541,5548,5653,5778,5793,5811,5819,5935,6160,6193,6231,6290,6318,6358,6437,6448,6533,6724,6999,7000,7080,7090,7253,7378,7677,7716,7749,7751,7880,8204,8251,8253,8345,8431,8534,8660,8818,8830,8951,8976,8989,9113,9238,9440,9511,9541,9547,9556,9718,9728,9779,9780,9942,9991,10027,10034
111	81,820,1960,2209,3113,3355,3356,3995,4895,4906,4926,5579,6392,6834,7450,7570,7686,7796,8809,9140,9210,9343,10045
112	2981,3065,3382,4932,5161,5604,7650,7703,9395,9479,9817
113	62,142,390,391,1015,1131,1149,1240,1862,2465,2563,2595,2906,2988,3027,3098,3389,3390,3449,3509,4087,4340,4544,4580,4941,4968,5136,5222,5420,5630,5672,5842,5843,5884,6155,6637,6850,6975,7016,7403,7660,8168,9075,9631,10043
114	8,9,10,137,372,373,374,1665,1666,2367,2368,2512,2919,3395,3396,3397,3398,3399,3466,4641,6045,6046,6688,6689,6693,7036,7321,8585,10125
115	474,1142,1143,1776,2809,3434,3511,4991,5438,6217,7743,8469,8532
116	73,396,879,1612,1925,1951,2142,2220,2554,2801,3546,3556,3975,4167,4492,4534,4540,5666,6822,7342,9050,9062,9065,9406,9472,10071
117	1100,2178,3547,3572,4767,4768,4853,8092,8236,8655,8853,9859,9947
118	3612,4854,8471
119	3646,9007
120	1619,3701,5729,6549,9604
121	3729
122	4711,5727
123	337,3766,5569,7107
124	2160,2593,3787,3788,3789,3791,3793,4342,4429,4503,4592,4758,4759,5189,5704,6051,7150,7779,10070
125	1166,1787,1789,2212,2213,2214,2215,2231,3028,3885,3887,4425,4609,4803,4820,6156,7068,7256,7384,7512,9690,10083,10162
126	165,230,466,1048,1080,1086,1194,1204,1936,2042,2610,2613,2666,2667,2800,3071,3524,3822,3894,3895,3941,4040,4081,4245,4814,5064,5308,5323,5712,6210,6890,6951,7856,7881,8034,8190,8390,8538,8717,8751,9185,9279,10024
127	3151,3908,3909,5593
128	83,200,602,775,1541,2405,3948,3949,4368,7388,7438,9796,9812,9877
129	3997
130	562,811,1907,2114,2200,4045,4048,6645,9081
131	4125,4126
132	115,151,1107,1411,1795,1888,1926,2681,2985,3600,3625,3819,3940,4162,4209,4220,4320,4515,4547,4594,4948,5131,5643,5651,5896,6581,6629,6647,7372,8206,8568,8797,8922,9522
133	1732,4223
134	868,3070,4246,4252,8905
135	787,1587,3336,4247,4248,4249,5589,9548
136	4501,9004,9066
137	210,2453,3504
138	276,417,553,882,926,1603,1607,1608,1742,1813,1883,2171,2440,2920,3261,3623,4043,4194,4229,4279,4280,4682,6050,6577,9682,9886,9887,10096,10097
139	4304,6186
140	198,544,799,1019,1156,1394,1922,2124,2183,2203,2300,2604,2652,2732,3706,4016,4313,4314,4439,4958,5834,6508,6509,6552,6747,7073,7181,7241,7245,7432,8169,8380,8506,8570,8712,8719,8934,9241,9302,9303,9454,9602,9836,9853,10042,10043
141	519,4364,4366
142	1352,3535,4270,4643,4944,5980,5996,6529,7011,7037,7048,9788
143	2914,3604,4708
144	1652,2329,4740,4741,7087,7131,7246,8130
145	0,2,3,4,5,6,11,15,16,19,20,21,22,25,27,28,30,34,35,38,39,40,41,44,45,46,49,50,51,52,53,54,55,56,57,77,78,79,85,86,89,92,93,95,102,126,148,149,156,162,183,184,191,194,195,203,205,206,207,209,242,243,244,246,247,249,251,252,256,257,258,260,261,263,264,267,270,271,272,301,302,304,305,349,350,353,354,380,385,386,397,398,405,406,408,409,414,416,418,419,420,424,426,427,428,430,431,433,446,447,478,479,480,481,492,493,495,496,497,510,527,528,538,539,540,559,587,588,611,612,613,614,627,628,629,640,641,650,651,656,657,658,661,667,669,702,703,708,709,723,725,726,729,734,738,739,755,758,767,768,772,796,797,821,822,823,853,854,855,857,858,859,874,878,881,884,885,886,905,906,908,909,923,925,962,964,990,1003,1004,1051,1052,1057,1060,1065,1077,1083,1084,1087,1091,1092,1101,1105,1108,1114,1115,1118,1119,1120,1124,1125,1157,1160,1162,1168,1169,1170,1189,1192,1193,1196,1219,1221,1224,1225,1246,1248,1257,1258,1267,1268,1271,1272,1273,1274,1331,1333,1341,1342,1343,1344,1345,1346,1347,1348,1349,1363,1364,1366,1367,1368,1369,1370,1371,1372,1374,1396,1399,1428,1429,1431,1460,1462,1476,1480,1483,1484,1507,1508,1509,1512,1513,1557,1558,1560,1561,1562,1563,1564,1565,1566,1573,1582,1583,1588,1591,1595,1620,1653,1654,1655,1676,1678,1682,1686,1690,1691,1696,1697,1698,1705,1706,1707,1709,1710,1711,1712,1717,1718,1719,1734,1773,1785,1786,1796,1797,1798,1799,1800,1816,1843,1852,1855,1856,1858,1860,1865,1866,1900,1904,1905,1911,1912,1918,1931,1948,1949,1952,1959,1961,1970,1974,1975,1980,1988,1991,1992,2014,2015,2087,2100,2101,2130,2131,2132,2133,2139,2168,2169,2216,2217,2218,2232,2245,2246,2247,2249,2250,2261,2274,2276,2277,2290,2291,2330,2344,2345,2391,2407,2423,2432,2433,2440,2441,2474,2475,2476,2477,2503,2504,2511,2521,2522,2523,2524,2529,2531,2535,2538,2539,2565,2566,2574,2586,2587,2588,2589,2606,2625,2626,2627,2629,2630,2631,2637,2638,2648,2664,2665,2704,2705,2709,2727,2728,2729,2730,2746,2747,2764,2765,2783,2784,2785,2786,2787,2788,2804,2856,2857,2859,2860,2863,2865,2868,2888,2889,2897,2898,2901,2902,2917,2925,2926,2927,2928,2935,2937,2943,2944,2964,2965,2979,2980,3000,3002,3009,3014,3018,3019,3020,3021,3034,3036,3037,3039,3040,3041,3046,3047,3050,3051,3088,3089,3105,3108,3111,3129,3132,3134,3135,3153,3154,3162,3163,3165,3170,3223,3231,3233,3234,3253,3256,3258,3263,3269,3279,3281,3282,3285,3290,3292,3314,3315,3319,3333,3334,3345,3350,3353,3354,3374,3375,3387,3388,3403,3404,3414,3415,3417,3419,3420,3421,3422,3423,3424,3441,3457,3458,3460,3463,3475,3482,3486,3493,3498,3499,3508,3515,3516,3526,3527,3528,3529,3530,3531,3533,3534,3549,3560,3561,3563,3564,3565,3569,3574,3575,3609,3636,3637,3640,3641,3643,3660,3662,3665,3667,3668,3674,3675,3676,3720,3721,3730,3741,3742,3759,3760,3761,3764,3780,3781,3782,3784,3785,3809,3812,3813,3814,3816,3824,3826,3832,3833,3834,3837,3849,3855,3856,3858,3861,3862,3863,3873,3874,3878,3879,3880,3891,3892,3900,3901,3928,3929,3967,3982,4003,4004,4005,4006,4034,4049,4050,4052,4056,4061,4063,4066,4067,4073,4074,4090,4091,4092,4111,4113,4114,4116,4117,4118,4119,4120,4121,4123,4124,4145,4146,4147,4148,4149,4152,4156,4158,4169,4189,4190,4191,4204,4226,4231,4232,4233,4277,4315,4331,4332,4334,4335,4336,4337,4359,4389,4390,4391,4399,4402,4404,4414,4427,4430,4431,4457,4460,4476,4479,4482,4489,4491,4493,4502,4516,4518,4519,4524,4535,4546,4549,4559,4560,4566,4581,4582,4583,4591,4593,4628,4629,4647,4648,4694,4697,4698,4699,4700,4701,4718,4719,4743,4746,4780,4781,4785,4788,4790,4799,4805,4806,4811,4812,4813,4830,4891,4892,4907,4915,4945,4946,4969,4970,4980,4981,4984,4985,4986,4988,5009,5013,5014,5016,5025,5026,5044,5052,5058,5063,5082,5083,5094,5097,5099,5102,5112,5119,5128,5152,5170,5171,5181,5182,5245,5251,5252,5253,5255,5256,5257,5259,5266,5271,5272,5294,5315,5316,5318,5320,5321,5337,5338,5341,5342,5343,5344,5345,5346,5347,5349,5350,5352,5353,5355,5356,5357,5359,5373,5374,5397,5398,5399,5411,5418,5419,5441,5477,5491,5500,5502,5508,5509,5514,5515,5516,5517,5525,5526,5534,5546,5547,5551,5552,5562,5563,5564,5565,5587,5588,5617,5640,5641,5642,5649,5650,5660,5661,5670,5671,5676,5677,5678,5679,5680,5696,5704,5720,5737,5751,5763,5766,5768,5775,5776,5777,5787,5788,5791,5810,5851,5853,5868,5869,5878,5905,5906,5916,5917,5919,5920,5921,5938,5959,5960,5962,5989,5990,5991,6047,6048,6057,6058,6062,6063,6080,6081,6087,6173,6174,6177,6192,6199,6213,6216,6226,6233,6240,6241,6242,6245,6246,6247,6248,6270,6272,6276,6279,6285,6300,6301,6302,6321,6322,6323,6326,6329,6331,6332,6335,6336,6338,6344,6349,6350,6352,6359,6360,6365,6368,6373,6374,6380,6396,6399,6403,6405,6406,6407,6408,6413,6414,6415,6417,6423,6424,6440,6441,6442,6443,6459,6460,6461,6462,6463,6464,6500,6501,6503,6504,6505,6514,6515,6517,6537,6620,6624,6667,6668,6674,6681,6686,6691,6692,6694,6708,6709,6712,6717,6719,6771,6772,6774,6776,6778,6779,6780,6786,6787,6798,6799,6801,6804,6805,6811,6812,6841,6842,6853,6854,6855,6856,6857,6858,6859,6860,6871,6872,6899,6900,6901,6902,6920,6921,6923,6924,6929,6947,6959,6960,6961,6962,6971,6983,6984,6987,6988,6993,7004,7009,7015,7083,7124,7125,7127,7129,7168,7169,7172,7179,7199,7200,7212,7215,7216,7232,7235,7264,7265,7266,7278,7279,7299,7301,7302,7303,7306,7309,7310,7312,7313,7314,7315,7334,7335,7339,7340,7380,7381,7387,7392,7395,7396,7401,7402,7446,7449,7495,7509,7510,7518,7519,7520,7521,7522,7523,7524,7532,7533,7534,7536,7541,7546,7547,7561,7562,7565,7568,7590,7591,7592,7622,7633,7670,7671,7684,7690,7693,7694,7695,7712,7722,7723,7745,7753,7778,7786,7793,7794,7797,7798,7799,7800,7821,7822,7850,7851,7920,7923,7927,8017,8021,8060,8061,8065,8066,8067,8069,8070,8071,8072,8073,8074,8075,8095,8137,8172,8178,8179,8180,8181,8198,8205,8231,8237,8238,8242,8249,8259,8260,8272,8273,8289,8290,8304,8311,8313,8316,8317,8319,8321,8328,8329,8360,8361,8362,8420,8421,8422,8461,8462,8466,8483,8486,8509,8510,8516,8517,8519,8520,8521,8524,8526,8527,8653,8654,8678,8679,8688,8725,8728,8729,8735,8736,8749,8750,8753,8779,8791,8793,8794,8795,8796,8803,8804,8805,8806,8807,8826,8842,8843,8844,8851,8862,8868,8886,8887,8888,8892,8893,8894,8898,8899,8900,8901,8902,8903,8936,8937,8950,8963,8964,8965,8966,8983,8992,9017,9051,9055,9056,9059,9067,9068,9077,9080,9116,9120,9121,9122,9125,9126,9127,9128,9142,9143,9197,9198,9201,9204,9214,9226,9227,9256,9257,9258,9280,9286,9288,9289,9307,9308,9309,9326,9347,9348,9364,9365,9375,9377,9378,9400,9401,9405,9415,9416,9417,9421,9422,9424,9425,9426,9427,9428,9429,9430,9431,9432,9433,9434,9435,9436,9441,9448,9452,9453,9460,9461,9462,9463,9470,9471,9474,9475,9500,9501,9507,9508,9509,9517,9527,9530,9533,9534,9545,9549,9550,9552,9557,9570,9593,9594,9623,9624,9625,9636,9637,9643,9664,9676,9677,9694,9699,9703,9704,9705,9715,9716,9717,9733,9736,9737,9738,9742,9743,9750,9751,9752,9753,9754,9773,9797,9802,9803,9807,9808,9809,9810,9811,9813,9825,9826,9827,9837,9838,9839,9844,9845,9851,9852,9864,9865,9869,9875,9882,9883,9884,9897,9905,9926,9927,9935,9944,9982,9983,9984,9985,9986,9987,9988,9995,9996,9999,10000,10016,10017,10025,10026,10036,10037,10048,10050,10056,10057,10058,10059,10072,10086,10111,10112,10116,10122,10123,10124,10126,10127,10159,10160
146	499,2640,2766,4856,4910,6658,7441,8375,8481,9648,9701
147	871,1765,1840,1924,3726,3945,4624,4869,4870,4873,5103,5741,6214,6254,6499,6979,7757,8308,8614,9196,9590,9684
148	529,2657,2947,3642,3925,4875,4882,5372
149	3452,4502,5371,8689,9639
150	769,771,1295,3055,3757,4222,4886,5010,6317,6529,8380,8550,8802,8830,8978,9960,10082
151	2763,4917,4918,9093,9094,9136
152	4921,4922,5285,5286,8010,8011,9340,9341
153	4017,4924,5621,6171,6400,8583
154	2792,2793,3193,3194,4864,4865,4938,4939,6676,6677,6808,7368,7369,7407,7408,8263,8264
155	1844,4935,4951,4952,4953,6299,9006
156	288,569,1179,1853,3608,4122,4155,4965,5472,5488,6053,6644,6900,7589
157	348,461,1945,2162,2379,2385,2387,2418,2603,2653,2655,2748,2904,2913,3358,3507,4240,4361,4480,4971,4972,5169,5189,5202,5657,6082,6273,6367,7156,7332,8347,8450,8451,8812,9099,9406,9805
158	3768,7489,7937,8923,8928
159	4597,5019,6169,6388,7647
160	5105,5106,5231,6104,6225,7933,8057,8606
161	1426,3235,3538,5188,5191,7092,9254,9255
162	4433,4525,4690,5218,7458
163	164,323,402,554,557,2611,2876,3639,4363,4468,4636,5051,5120,5241,5242,5743,6795,7421,8830,9537,9933
164	1361,5243,5244,8239,10089
165	818,1882,2932,3485,3984,4470,4964,5050,5137,5157,5263,5264,5265,5270,5966,9536,10041
166	1152,9493
167	201,2958,2959,3152,3807,3808,5287,5288,6444,6445
168	576,1831,2718,4833,4858,5129,5292,5293,5936,6016
169	127,722,795,920,921,966,1007,1149,1183,1194,1201,1251,1323,1489,1915,2174,2470,2526,2680,2692,2843,2869,2940,3005,3146,3280,3384,3661,3779,3860,3935,3954,4002,4195,4199,4295,4436,4464,4577,4720,4742,4914,5053,5189,5219,5305,5414,5555,5688,5811,5961,6232,6271,6283,6375,6611,6762,6817,7202,7213,7252,7285,7417,7418,7505,7715,7754,8140,8235,8441,8591,8686,8693,9111,9247,9728,9877,9901
170	284,513,1188,2099,3492,5333,5423,6073,6194,6549,8571
171	7348
172	5421
173	1625,3934,4177,5189,5208,5459,5460,5461,5463,5464,5668,6068,6069,7001,7791,9585,9695,9855,9898,9991
174	294,2161,3362,4398,4401,4477,5189,5480,5482,5483,5707,5967,6200,6980,8322,8323,9066
175	659,3650,5978,6705,6835
176	793,1123,1311,2636,3470,3471,3601,4601,5189,5558,5559,5560,5561,8251,8349,8673,9473,9667
177	5626,5627,5628
178	4306,4341,5361,5639,5643,5646
179	212,1110,4020,4540,4557,4997,5716,5717,6140,9484
180	1313,1728,2983,3010,3305,3798,3985,5866,5867,5895,6910,7327,7581,8141,8542
181	116,221,233,1692,2457,2468,2734,3088,3973,3976,4492,4540,5445,5874,6790,7295,7864,7865,8252,9386,9723,10032,10113
182	3691,5289,5290,5841,5964,8567,8944
183	204,465,1283,2194,4553,5695,5970,5971,7035,7424,7709,8813,9078,9911
184	773,1421,1510,2033,2034,2286,2287,2306,2307,2312,2963,2968,3544,3545,4879,4880,4898,5205,5329,5330,6019,6020,6119,6120,6377,6809,8395,9164,9506
185	152,189,632,898,1085,1194,1398,1535,1772,1909,2235,2796,2806,2819,2911,2989,3012,3284,3291,3306,3459,3626,3683,3684,3843,4379,4400,4508,4598,4863,4964,5724,5735,5940,6029,6746,7071,7074,7263,7689,7714,7784,7801,8275,8324,8473,8476,8642,8650,8700,8890,9060,9376,9919,9991,10068
186	1062,1379,1388,1861,5780,6051,6056,6187,7201,8129,9885
187	6064
188	1175,1178,1435,2262,4181,4686,4767,4769,5093,6072,6083,6095,6096,6141,6142,7388,7389,8266,9480,9481
189	485,2651,3316,3710,4867,4868,5582,5583,5584,6088,6089,6090,8162,8163,8207,8208,8588,9330,9695
190	942,3186,4871,6079,6105,9195,9660
191	841,2624,4062,5479,5623,5624,6107,6113,7516,10101
192	566,1360,1971,3169,5894,6136,6137,6184,7031,9032,9646
193	199,691,786,806,1049,1234,1393,1663,1867,2048,2123,2672,3025,3953,4018,4141,4976,5011,5594,5595,5596,5932,6141,6144,6145,6146,6147,6197,6475,6884,7364,7365,7388,7437,7665,8245,8261,8757,8814,8815,8816,9159,9332,9337,9407,9497,9573,9584
194	2313,6163,6164
195	4435,6222,6223,8413
196	318,320,875,2154,2686,3268,3372,4321,5625,6060,8432,8693,9053
197	311,458,2237,2473,2570,5227,6082,6256,6257,6259,6557,6567,7359,8332,8873,9154,9595,9675
198	1,7,12,13,23,24,26,29,31,32,33,37,42,43,47,63,64,65,73,87,88,98,99,100,101,108,114,118,119,120,121,123,131,134,135,141,142,143,144,145,146,150,153,154,155,158,159,160,166,167,171,172,176,177,178,179,180,181,182,185,188,190,192,196,202,208,211,213,217,218,219,222,229,231,234,241,248,250,253,254,255,259,262,265,266,268,269,273,274,275,279,283,285,286,290,291,292,295,298,299,300,309,310,312,317,319,321,322,324,326,330,331,333,334,338,339,342,346,347,355,356,363,367,370,371,375,379,382,383,387,390,394,400,401,404,412,413,415,421,422,423,425,429,434,435,436,439,442,443,445,449,450,455,456,457,459,460,464,467,469,472,473,476,482,483,484,486,489,494,498,500,501,502,511,514,515,518,522,531,532,535,541,543,545,550,553,560,565,571,573,577,578,579,580,582,586,592,593,594,600,610,615,616,620,621,630,633,634,645,649,653,665,668,670,671,672,673,674,675,676,678,679,680,687,690,692,698,699,705,707,710,713,717,718,720,721,724,727,728,730,733,736,737,745,752,756,757,760,761,762,763,766,770,777,781,784,788,790,791,794,803,804,805,809,810,816,817,824,825,828,829,830,831,833,834,835,838,839,840,843,845,846,847,848,851,852,856,860,862,863,864,865,866,872,873,877,880,883,892,893,902,918,934,935,936,937,939,940,943,944,946,952,953,955,959,963,965,973,974,975,976,979,982,983,985,988,989,991,993,995,996,997,999,1001,1005,1008,1010,1011,1012,1014,1016,1020,1022,1027,1028,1034,1036,1037,1038,1039,1040,1041,1042,1045,1047,1050,1053,1058,1061,1064,1067,1068,1076,1081,1085,1088,1093,1095,1097,1099,1109,1111,1113,1122,1128,1130,1132,1133,1134,1135,1138,1145,1146,1149,1150,1155,1158,1159,1164,1177,1181,1184,1185,1187,1191,1195,1198,1199,1203,1207,1208,1209,1210,1214,1215,1218,1222,1223,1229,1230,1236,1237,1244,1245,1247,1250,1251,1253,1259,1261,1263,1265,1269,1277,1279,1280,1281,1282,1284,1285,1292,1293,1294,1295,1296,1300,1301,1302,1307,1314,1315,1316,1317,1318,1324,1325,1335,1336,1337,1338,1339,1340,1350,1351,1353,1354,1355,1356,1357,1358,1373,1375,1377,1381,1384,1385,1386,1389,1390,1401,1402,1404,1405,1406,1409,1410,1415,1419,1420,1423,1424,1432,1436,1437,1440,1444,1447,1450,1451,1461,1466,1470,1485,1486,1487,1489,1490,1491,1494,1495,1498,1499,1504,1505,1506,1518,1520,1521,1522,1525,1526,1527,1528,1529,1530,1531,1533,1534,1542,1543,1544,1545,1546,1547,1549,1550,1551,1554,1555,1556,1559,1568,1571,1577,1581,1585,1586,1587,1589,1596,1597,1602,1604,1609,1611,1612,1613,1617,1618,1619,1621,1625,1627,1628,1629,1630,1631,1632,1633,1634,1636,1638,1640,1643,1646,1648,1651,1660,1664,1671,1672,1674,1680,1681,1683,1684,1687,1688,1689,1693,1695,1700,1708,1713,1715,1721,1723,1726,1727,1728,1730,1735,1736,1744,1746,1747,1748,1749,1769,1770,1774,1777,1778,1781,1782,1785,1790,1791,1792,1793,1802,1805,1806,1812,1814,1815,1817,1818,1820,1821,1824,1833,1837,1845,1859,1863,1864,1869,1874,1884,1885,1886,1889,1894,1895,1896,1897,1899,1903,1906,1919,1920,1922,1923,1927,1928,1930,1935,1938,1941,1945,1946,1947,1958,1962,1963,1964,1965,1966,1976,1977,1978,1979,1981,1983,1993,1995,2001,2002,2004,2006,2008,2009,2013,2016,2020,2022,2023,2029,2030,2031,2040,2041,2050,2051,2057,2059,2067,2069,2071,2072,2073,2081,2082,2083,2086,2089,2094,2095,2096,2097,2106,2108,2109,2110,2113,2117,2118,2120,2121,2122,2123,2125,2126,2127,2128,2134,2137,2138,2140,2141,2143,2145,2146,2149,2150,2156,2159,2163,2164,2166,2179,2180,2181,2182,2185,2192,2195,2196,2198,2199,2200,2202,2204,2211,2222,2224,2228,2230,2233,2238,2239,2240,2243,2244,2248,2251,2253,2255,2256,2259,2260,2264,2269,2270,2271,2272,2279,2289,2292,2294,2298,2302,2305,2308,2313,2315,2317,2318,2319,2324,2325,2327,2328,2329,2337,2338,2339,2340,2341,2342,2343,2346,2347,2348,2351,2352,2353,2354,2355,2356,2358,2359,2360,2361,2362,2371,2372,2373,2374,2375,2376,2377,2378,2380,2382,2383,2388,2394,2396,2398,2403,2408,2417,2419,2420,2430,2431,2434,2437,2440,2450,2455,2458,2461,2462,2464,2480,2481,2482,2483,2484,2486,2488,2489,2490,2497,2498,2501,2502,2506,2514,2517,2520,2533,2534,2536,2537,2540,2541,2543,2548,2549,2550,2553,2559,2560,2561,2564,2569,2579,2583,2585,2590,2594,2595,2597,2600,2601,2605,2607,2608,2616,2621,2623,2628,2644,2649,2650,2659,2662,2668,2673,2674,2680,2681,2682,2683,2684,2690,2693,2696,2699,2703,2707,2711,2720,2722,2723,2724,2725,2726,2732,2733,2734,2738,2739,2740,2741,2743,2754,2755,2756,2757,2758,2760,2767,2768,2770,2771,2774,2775,2777,2789,2790,2791,2795,2807,2810,2811,2813,2814,2815,2818,2821,2822,2825,2826,2827,2828,2829,2830,2832,2833,2834,2836,2837,2838,2839,2842,2845,2848,2849,2851,2852,2853,2854,2855,2861,2867,2872,2873,2874,2877,2878,2880,2882,2883,2885,2887,2892,2893,2907,2918,2936,2939,2942,2945,2946,2948,2950,2954,2960,2961,2962,2966,2971,2972,2973,2974,2975,2976,2978,2986,2992,2998,2999,3013,3022,3026,3029,3031,3032,3033,3038,3042,3043,3049,3056,3057,3059,3060,3063,3066,3067,3068,3072,3073,3074,3075,3076,3077,3078,3079,3080,3081,3082,3085,3086,3090,3091,3092,3095,3096,3101,3102,3106,3107,3109,3110,3112,3117,3118,3119,3127,3131,3140,3141,3142,3143,3144,3147,3148,3149,3150,3155,3158,3160,3161,3167,3168,3176,3177,3178,3179,3180,3186,3187,3189,3190,3192,3195,3198,3201,3203,3204,3205,3206,3207,3209,3211,3212,3214,3215,3216,3217,3220,3221,3225,3227,3228,3229,3230,3232,3237,3238,3242,3243,3248,3250,3251,3254,3255,3262,3264,3266,3267,3274,3277,3284,3287,3295,3299,3300,3301,3302,3304,3306,3307,3316,3324,3325,3326,3327,3328,3332,3335,3340,3347,3352,3357,3360,3361,3364,3366,3367,3370,3371,3376,3377,3379,3385,3388,3393,3394,3400,3401,3406,3407,3408,3410,3411,3416,3418,3429,3431,3432,3435,3439,3442,3443,3444,3447,3451,3455,3465,3468,3479,3484,3485,3487,3489,3494,3496,3497,3501,3502,3512,3513,3514,3519,3525,3532,3536,3542,3548,3550,3557,3558,3559,3567,3568,3570,3573,3576,3577,3578,3579,3580,3581,3584,3585,3588,3590,3591,3593,3594,3595,3596,3598,3599,3600,3605,3606,3607,3613,3615,3616,3620,3621,3624,3627,3629,3630,3634,3635,3644,3647,3648,3649,3651,3654,3655,3656,3657,3661,3663,3671,3677,3679,3681,3687,3688,3690,3692,3695,3698,3704,3708,3711,3712,3713,3714,3716,3718,3722,3724,3728,3731,3732,3737,3739,3745,3746,3747,3748,3749,3750,3753,3767,3769,3770,3771,3772,3773,3774,3775,3776,3777,3778,3790,3792,3796,3799,3800,3801,3802,3804,3805,3815,3820,3823,3832,3835,3836,3845,3847,3848,3850,3851,3852,3857,3864,3866,3869,3870,3876,3877,3881,3886,3889,3890,3896,3897,3902,3905,3906,3907,3911,3912,3913,3916,3919,3920,3921,3922,3926,3932,3939,3942,3943,3944,3946,3947,3952,3957,3960,3968,3969,3970,3971,3974,3979,3980,3981,3982,3983,3984,3991,3992,4000,4007,4008,4011,4012,4013,4014,4017,4020,4022,4023,4025,4026,4027,4029,4031,4033,4036,4037,4038,4039,4043,4047,4051,4053,4054,4055,4057,4058,4060,4070,4072,4073,4075,4076,4083,4084,4085,4086,4102,4103,4104,4127,4129,4133,4134,4140,4142,4143,4151,4160,4161,4167,4168,4170,4171,4173,4174,4180,4184,4188,4193,4197,4200,4203,4205,4206,4207,4208,4210,4211,4212,4213,4214,4215,4216,4217,4218,4219,4221,4224,4225,4227,4230,4235,4237,4239,4242,4250,4251,4253,4255,4256,4257,4263,4264,4269,4272,4273,4274,4276,4289,4290,4293,4296,4298,4303,4305,4308,4309,4311,4312,4318,4322,4323,4324,4325,4326,4327,4329,4330,4331,4338,4339,4344,4349,4351,4356,4357,4358,4362,4364,4370,4371,4372,4373,4377,4381,4382,4383,4393,4396,4398,4400,4401,4403,4405,4406,4408,4409,4410,4411,4412,4413,4415,4418,4419,4424,4433,4437,4440,4441,4442,4443,4451,4453,4455,4458,4459,4463,4467,4469,4471,4472,4473,4475,4483,4484,4485,4492,4494,4497,4501,4502,4506,4507,4511,4520,4521,4528,4529,4531,4533,4540,4541,4542,4543,4558,4561,4562,4563,4564,4567,4568,4569,4570,4571,4584,4585,4586,4596,4600,4602,4604,4607,4617,4620,4623,4625,4626,4627,4634,4638,4644,4655,4656,4659,4669,4670,4671,4672,4674,4675,4677,4678,4683,4684,4685,4690,4691,4693,4695,4696,4702,4705,4706,4707,4709,4710,4712,4713,4715,4717,4723,4724,4725,4727,4731,4735,4736,4753,4754,4755,4757,4760,4761,4762,4763,4764,4765,4767,4770,4774,4775,4776,4779,4786,4787,4791,4796,4797,4798,4800,4801,4803,4808,4816,4817,4818,4819,4823,4826,4827,4828,4831,4832,4833,4834,4835,4839,4840,4843,4848,4850,4851,4852,4857,4859,4861,4862,4876,4877,4878,4883,4884,4887,4888,4889,4899,4900,4903,4904,4905,4908,4913,4914,4916,4923,4925,4929,4930,4931,4934,4936,4937,4938,4940,4943,4947,4950,4955,4956,4957,4958,4959,4960,4963,4966,4967,4973,4974,4982,4990,4993,4995,4996,4998,4999,5002,5004,5005,5006,5007,5018,5023,5024,5034,5037,5046,5055,5056,5059,5060,5069,5070,5071,5072,5074,5085,5087,5088,5092,5095,5100,5101,5104,5108,5109,5110,5111,5113,5114,5115,5124,5125,5130,5132,5135,5138,5139,5140,5141,5142,5143,5144,5146,5149,5155,5157,5158,5159,5160,5168,5174,5177,5179,5180,5186,5189,5193,5197,5198,5199,5200,5203,5204,5206,5209,5210,5212,5213,5214,5216,5217,5220,5223,5224,5225,5226,5233,5235,5236,5237,5238,5240,5246,5247,5250,5254,5261,5273,5274,5275,5277,5280,5281,5282,5291,5295,5296,5297,5298,5299,5300,5305,5309,5310,5311,5317,5319,5324,5325,5326,5327,5328,5331,5332,5333,5334,5335,5339,5340,5348,5351,5354,5358,5360,5362,5363,5364,5365,5367,5368,5369,5370,5375,5377,5378,5379,5380,5381,5382,5385,5389,5391,5392,5394,5395,5396,5400,5401,5403,5405,5406,5409,5412,5414,5416,5417,5422,5424,5425,5426,5427,5428,5430,5431,5433,5435,5440,5444,5447,5448,5449,5450,5453,5456,5458,5462,5466,5467,5473,5474,5475,5476,5478,5481,5487,5488,5497,5498,5501,5504,5506,5507,5512,5513,5518,5519,5523,5526,5529,5532,5535,5536,5537,5540,5542,5543,5544,5545,5550,5557,5566,5571,5574,5576,5579,5580,5585,5588,5592,5597,5598,5600,5603,5605,5608,5611,5612,5616,5622,5631,5633,5636,5637,5638,5645,5646,5648,5656,5657,5668,5669,5673,5674,5681,5689,5690,5699,5700,5701,5702,5703,5704,5706,5707,5711,5715,5721,5722,5723,5725,5731,5732,5733,5734,5736,5738,5739,5740,5744,5745,5746,5749,5750,5752,5753,5754,5759,5761,5764,5765,5767,5770,5771,5772,5774,5779,5782,5783,5784,5786,5789,5790,5792,5794,5795,5796,5798,5799,5802,5803,5804,5805,5811,5814,5815,5818,5827,5830,5833,5838,5840,5841,5844,5845,5846,5847,5848,5849,5855,5857,5858,5859,5861,5862,5863,5864,5865,5870,5871,5875,5876,5879,5886,5887,5889,5890,5891,5892,5898,5900,5904,5907,5908,5909,5910,5911,5915,5918,5923,5924,5925,5926,5927,5928,5929,5930,5933,5934,5937,5939,5941,5942,5943,5944,5947,5948,5954,5956,5969,5974,5979,5982,5986,5992,5993,5997,5998,6001,6002,6008,6009,6017,6024,6025,6026,6027,6032,6033,6034,6035,6036,6037,6039,6043,6044,6049,6051,6055,6059,6065,6066,6070,6076,6079,6082,6084,6085,6092,6093,6099,6100,6108,6110,6118,6120,6122,6124,6133,6138,6151,6153,6154,6155,6157,6158,6161,6162,6170,6175,6178,6179,6181,6182,6185,6188,6189,6193,6195,6196,6197,6201,6202,6204,6205,6206,6208,6212,6215,6219,6221,6224,6225,6228,6236,6237,6238,6239,6243,6249,6258,6260,6262,6269,6275,6286,6287,6292,6306,6307,6308,6310,6311,6312,6314,6315,6316,6317,6330,6334,6337,6339,6341,6342,6345,6346,6351,6353,6362,6371,6372,6373,6376,6379,6382,6387,6389,6390,6393,6401,6402,6409,6410,6411,6416,6420,6422,6430,6435,6436,6438,6439,6450,6452,6453,6454,6455,6457,6458,6465,6466,6467,6468,6469,6474,6480,6481,6483,6486,6487,6488,6489,6492,6496,6497,6498,6502,6506,6507,6520,6521,6523,6524,6525,6526,6528,6530,6531,6532,6535,6536,6541,6542,6543,6548,6551,6553,6556,6560,6561,6562,6563,6564,6565,6566,6567,6568,6569,6572,6573,6575,6576,6578,6579,6582,6583,6587,6588,6590,6591,6592,6604,6605,6610,6614,6615,6618,6621,6628,6633,6634,6641,6646,6648,6649,6651,6653,6656,6657,6659,6660,6661,6663,6664,6669,6673,6682,6685,6687,6695,6698,6700,6710,6711,6713,6716,6718,6720,6721,6725,6730,6732,6734,6737,6738,6739,6741,6743,6744,6745,6746,6748,6750,6751,6753,6754,6755,6759,6760,6761,6763,6766,6767,6770,6773,6785,6789,6800,6802,6803,6813,6814,6816,6821,6824,6826,6827,6828,6835,6843,6845,6852,6864,6867,6868,6869,6870,6873,6877,6878,6879,6880,6881,6882,6888,6894,6907,6913,6914,6915,6918,6922,6926,6927,6928,6930,6931,6932,6933,6934,6936,6937,6938,6939,6940,6942,6944,6948,6949,6951,6958,6966,6972,6975,6976,6977,6978,6981,6990,6991,6992,6994,6995,7002,7005,7006,7013,7014,7017,7026,7027,7028,7033,7034,7039,7042,7044,7045,7047,7050,7051,7052,7055,7057,7059,7060,7062,7067,7069,7072,7075,7078,7079,7086,7088,7089,7091,7093,7094,7095,7096,7097,7098,7100,7102,7103,7104,7105,7108,7109,7110,7111,7113,7114,7115,7116,7118,7119,7123,7126,7128,7132,7134,7135,7136,7137,7138,7139,7140,7141,7142,7143,7144,7145,7146,7147,7148,7149,7150,7152,7154,7155,7157,7158,7159,7160,7163,7165,7173,7174,7176,7177,7178,7182,7183,7185,7186,7187,7188,7189,7191,7194,7196,7198,7206,7207,7208,7209,7211,7217,7220,7221,7225,7226,7228,7229,7231,7236,7237,7242,7243,7248,7249,7257,7262,7267,7275,7280,7282,7283,7284,7286,7287,7293,7294,7297,7300,7304,7307,7308,7311,7317,7318,7322,7324,7325,7326,7328,7333,7338,7341,7343,7345,7346,7347,7349,7351,7352,7353,7357,7360,7361,7367,7371,7375,7376,7382,7385,7386,7388,7391,7394,7399,7400,7419,7422,7423,7426,7427,7428,7429,7431,7433,7436,7439,7451,7453,7455,7457,7461,7463,7468,7470,7472,7476,7480,7482,7483,7484,7485,7486,7487,7490,7492,7494,7498,7500,7503,7507,7508,7514,7515,7517,7528,7531,7535,7538,7542,7543,7544,7545,7551,7555,7556,7559,7560,7564,7569,7574,7577,7578,7582,7583,7585,7587,7594,7600,7603,7604,7606,7607,7608,7610,7612,7614,7619,7620,7621,7623,7624,7625,7626,7632,7637,7638,7639,7641,7643,7644,7645,7648,7649,7652,7656,7657,7658,7660,7661,7667,7672,7673,7674,7676,7677,7678,7679,7681,7683,7688,7691,7692,7696,7698,7699,7701,7706,7707,7711,7716,7720,7726,7731,7742,7744,7759,7760,7764,7765,7766,7770,7771,7773,7776,7777,7779,7782,7788,7790,7791,7795,7802,7803,7805,7811,7814,7816,7817,7819,7820,7823,7824,7830,7834,7836,7838,7839,7841,7842,7844,7845,7846,7849,7855,7857,7858,7860,7867,7869,7871,7872,7873,7875,7877,7878,7883,7894,7895,7899,7908,7911,7913,7915,7916,7917,7929,7932,7934,7935,7936,7939,7940,7941,7942,7944,7945,7946,7947,7948,7950,7955,7956,7957,7965,7966,7967,7972,7973,7981,7982,7983,7984,7985,7986,7987,8000,8001,8007,8010,8012,8013,8020,8023,8024,8032,8033,8035,8036,8037,8038,8039,8042,8043,8045,8046,8048,8049,8057,8059,8068,8076,8078,8081,8082,8088,8089,8093,8096,8098,8099,8103,8104,8106,8114,8117,8124,8128,8131,8132,8134,8135,8136,8139,8152,8154,8156,8157,8158,8159,8161,8168,8171,8177,8183,8184,8187,8188,8189,8192,8197,8200,8201,8202,8209,8210,8211,8212,8213,8214,8216,8217,8223,8224,8229,8230,8232,8233,8241,8244,8246,8250,8251,8253,8262,8265,8267,8269,8271,8277,8278,8281,8283,8284,8285,8286,8288,8292,8294,8301,8303,8305,8306,8310,8312,8326,8330,8331,8334,8336,8337,8338,8340,8342,8343,8346,8348,8349,8350,8351,8355,8357,8358,8359,8364,8365,8369,8370,8371,8373,8374,8375,8376,8377,8386,8391,8406,8407,8410,8411,8414,8417,8419,8423,8427,8429,8433,8434,8436,8437,8438,8447,8448,8452,8457,8458,8472,8474,8475,8484,8485,8487,8488,8489,8490,8497,8504,8507,8511,8512,8513,8518,8523,8525,8528,8529,8531,8533,8537,8539,8549,8553,8554,8555,8556,8557,8558,8559,8561,8562,8565,8566,8568,8572,8575,8576,8577,8578,8579,8584,8601,8604,8607,8609,8611,8615,8616,8617,8619,8620,8621,8623,8635,8636,8638,8639,8640,8641,8645,8647,8652,8655,8656,8661,8662,8663,8664,8667,8668,8676,8680,8682,8687,8690,8694,8695,8696,8697,8705,8708,8709,8710,8711,8714,8716,8720,8721,8723,8724,8726,8731,8732,8734,8737,8738,8739,8741,8744,8747,8752,8759,8760,8763,8766,8767,8768,8770,8771,8774,8777,8781,8789,8798,8799,8810,8817,8819,8821,8825,8830,8831,8835,8836,8840,8845,8846,8847,8850,8860,8861,8863,8865,8866,8869,8871,8872,8874,8876,8881,8883,8884,8885,8889,8897,8907,8909,8910,8913,8914,8916,8917,8918,8919,8920,8921,8924,8925,8926,8927,8930,8931,8932,8938,8939,8942,8948,8953,8960,8961,8968,8970,8972,8974,8975,8977,8979,8984,8985,8988,8989,8991,8995,8996,8997,8999,9000,9004,9005,9009,9011,9022,9024,9033,9036,9039,9043,9044,9046,9047,9049,9052,9061,9063,9064,9065,9066,9069,9070,9082,9083,9085,9089,9092,9096,9097,9098,9102,9105,9107,9110,9112,9114,9117,9119,9130,9134,9135,9136,9138,9139,9141,9144,9146,9147,9150,9152,9163,9165,9166,9171,9172,9173,9174,9175,9177,9179,9180,9184,9187,9189,9190,9191,9194,9199,9202,9205,9207,9208,9211,9215,9216,9217,9218,9219,9220,9229,9230,9232,9233,9239,9243,9245,9248,9259,9262,9263,9264,9265,9268,9277,9281,9282,9283,9290,9291,9292,9293,9306,9314,9315,9316,9323,9324,9325,9328,9336,9339,9341,9345,9349,9350,9351,9352,9354,9355,9357,9366,9367,9368,9369,9370,9371,9372,9373,9374,9379,9380,9381,9382,9385,9388,9389,9398,9399,9402,9403,9404,9406,9408,9410,9411,9412,9418,9419,9420,9423,9439,9442,9443,9444,9445,9447,9449,9450,9451,9455,9456,9459,9464,9467,9469,9477,9478,9483,9486,9487,9496,9499,9504,9505,9513,9514,9515,9518,9529,9532,9538,9543,9544,9546,9553,9559,9560,9562,9571,9573,9576,9577,9578,9579,9582,9583,9585,9586,9587,9591,9598,9603,9604,9610,9612,9613,9614,9617,9618,9621,9622,9626,9633,9641,9644,9647,9648,9650,9651,9652,9654,9655,9656,9659,9661,9663,9666,9668,9670,9679,9686,9687,9688,9689,9692,9695,9696,9698,9702,9711,9724,9728,9729,9730,9740,9749,9758,9759,9761,9762,9763,9764,9765,9769,9770,9775,9777,9781,9786,9789,9790,9792,9798,9799,9800,9801,9806,9821,9824,9829,9830,9836,9840,9841,9842,9843,9846,9847,9848,9850,9854,9856,9857,9858,9860,9862,9871,9873,9878,9881,9888,9889,9891,9893,9894,9899,9903,9906,9907,9910,9913,9920,9921,9925,9938,9945,9946,9951,9952,9953,9958,9962,9963,9964,9965,9969,9970,9971,9973,9979,9980,9981,9991,9992,9994,9997,9998,10002,10003,10004,10009,10010,10012,10013,10014,10018,10019,10020,10021,10023,10024,10028,10035,10045,10046,10063,10064,10065,10066,10069,10071,10075,10076,10079,10085,10087,10091,10095,10102,10104,10105,10109,10110,10114,10117,10118,10120,10121,10129,10133,10136,10139,10140,10141,10142,10143,10148,10149,10150,10151,10152
199	303,826,1146,2737,3867,5825,6277,6280,6281,6282,6361,6508,7082,7316,7491,7642,7922,8299,8397,8446,9390,9542,9780
200	701,798,1587,1715,3653,4294,4474,4729,5001,6288,6675,6895,8870
201	2297,2599,3208,6327,6328,8994,9270,9271,10144
202	655,956,957,1094,2572,3751,4375,4501,5189,6369,6370,8593,9868
203	2053,2641,3817,4165,4254,5652,6383,6384,6385,6386,8800
204	2058,4043,6426,6427,6428,7677,8375
205	441,2075,2144,2206,2592,4517,4949,5322,6325,6355,6511,6512,6861,7904,8613,8748,9058
206	2635,3042,5501,6586,6589,8371
207	48,107,110,239,240,245,329,364,365,366,563,585,598,601,605,609,618,619,631,663,776,792,837,838,969,1086,1097,1129,1197,1202,1417,1523,1524,1601,1635,1819,1829,1853,1917,1967,1969,1982,1985,2010,2011,2103,2104,2153,2155,2392,2505,2614,2615,2632,2633,2688,2846,2864,2866,2871,2899,2921,2923,2955,2964,3259,3265,3284,3298,3317,3331,3347,3365,3408,3436,3558,3566,3672,3705,3841,3904,4042,4062,4088,4130,4135,4151,4167,4180,4266,4275,4297,4428,4461,4651,4653,4778,4914,5022,5030,5034,5057,5075,5167,5172,5173,5189,5258,5261,5262,5492,5493,5572,5573,5577,5675,5797,5854,6071,6097,6309,6340,6593,6594,6595,6596,6597,6598,6599,6600,6601,6602,6603,6964,7048,7099,7161,7258,7374,7454,7488,7631,7785,7787,7825,7866,7906,7938,8102,8251,8428,8560,8586,8594,8631,8722,8743,8801,8987,9027,9029,9054,9084,9296,9297,9318,9319,9525,9776,9823,9896,10135,10145,10153
208	173,1029,1625,1651,1767,1822,1890,1984,2332,2429,2723,3244,4333,4937,5034,5151,5194,5407,5490,5707,6001,6007,6008,6022,6391,6626,6635,6636,6847,6849,6898,7530,7785,8040,8079,8194,8508,8982
209	59,1660,5755,6429,9137
210	327,551,715,895,896,1017,1018,1592,1639,1641,1642,1939,1940,2054,2055,2282,2283,2320,2321,2677,2721,2798,2799,3001,3003,3631,3883,3884,3893,5190,5657,5658,6193,6608,6609,6701,6702,7444,7552,8761,8762,9041,9409,9523,9524,9540,9582,10001,10047
211	61,1295,1326,1614,2969,3786,4388,4422,4534,4576,4902,5117,5206,5826,6735,6796,6797,6903,7244,7291,7566,7789,7831,7914,8170,8876,9678,10108
212	1808,5800,6728
213	3067,6485,6757,6758,7276,9916
214	961,1593,4307,5897,6191,6764,6765,7197,8368,8644,8742,10088
215	453,568,1418,1627,1658,1670,1767,2000,2191,2542,2576,2844,2875,3297,3320,3844,4112,4198,4385,4610,4631,4654,4927,5107,5588,5647,5816,6627,6631,6810,6850,7388,7548,7605,7611,7613,7615,7624,7702,7801,8055,8353,9092,9106
216	1972,3210,6098,6836,6837,6838,7687
217	1249,4281,5201,6625,6632,6640,6769,6851,8838,9002,9363
218	1260,1783,4661,6885,6886,7448
219	384,462,665,754,1177,1254,1659,1788,2086,2221,2381,2386,2478,2964,3592,3738,4046,4084,4287,4603,4807,4942,5899,6578,6638,6887,6891,6892,6893,7327,7331,7439,8279,8546,8769,9228,9600,9924,10092
220	128,759,2260,2562,2736,2951,3061,3699,3966,3974,4417,4611,6646,6904,6905,6906,8998,9662,9695
221	5442,6094,6916,6917,9414
222	71,289,2446,3854,4109,4186,5123,5366,5665,6941,6945,6946,9048
223	1626,4490,6982,7882
224	147,1656,1853,2241,2448,2622,3125,3776,4433,5076,5267,5269,5303,5488,5691,5809,6343,6432,7214,7774,8079,8580,9693,9701,9901
225	2236,9200,10015
226	666,1298,1848,1945,2891,3030,4288,4958,5773,5828,6900,7054,7056,7362,8375,8424,9203,9333,9334,9335
227	1459,1496,2052,2158,3661,4687,4897,5283,5730,5801,5811,5824,5829,6028,7063,7064,7065,7066,7943,8418,8477,8478,8493,9396,9397,9411,9991
228	967,1771,2558,2773,2835,5499,6471,7621,7654,7655,7859,8514,8666
229	4618,8302
230	1901,2731,2749,3583,4545,4821,5852,6165,7862,8375,9338,9342
231	2709,2749,2752,3582,3972,4268,5410,8344,8347
232	7201,8307
233	516,6833,7205,8491
234	193,277,550,750,2293,2867,3312,3383,3405,3633,3846,4901,5147,5148,5149,5312,5694,6132,7077,7222,7224,7398,7942,8018,8196,8405,9451,9516
235	4196,7549,8802
236	764,847,1220,1233,1804,3656,4454,4526,5393,6041,6082,6558,6665,7150,7238,7290,7719,8127,8253,8582,9437,9531,9785,9816,9939
237	80,1659,2092,3391,5837,5932,6863,7250,7251,9099,9269,9380
238	66,73,2035,2036,2037,2038,2039,2700,3181,3483,4772,5965,6303,7070,7409,7680,7700,8825,9619,9657,9866
239	305,306,307,308,737,802,1425,1453,1587,2107,2175,2176,2177,2296,2458,2991,2993,2994,3173,3344,3669,3996,4420,4530,5383,5384,6235,7049,7411,7412,7413,8778,9003,9355,9495,9539,10006
240	2047,2152,5977,5985,7415,7580,7863,8392,8464
241	565,1784,4993,5850,7435,9109,9162,9165
242	456,931,4365,5195,7464,7465,7919,8958,8959,9597,9931
243	919,1026,1040,1165,1945,2088,2200,2914,3308,3428,4637,5017,5574,6023,6115,6197,6490,6818,6986,7471,7473,7475,7837,8253,8291,8293,8295,8297,8298,8608,8677,8876,9240,9304
244	744,1809,1849,1943,2027,2111,3284,3727,4619,4732,4766,5437,5811,5872,6001,6014,6135,6742,7477,7478,7892,8439
245	125,317,910,966,3998,4433,5189,5488,6985,7479,7481,7682,9224,9695
246	133,3882,3962,4504,4510,4782,5813,6479,6756,7489,7493,7847,8050,8051,8094,8252,8780
247	3445,4433,4438,4668,5189,6086,6190,7496,7497,8383,9071,9695
248	867,958,992,1006,1501,1694,2148,2552,2697,2713,2817,2987,3339,3936,3959,4465,5260,5579,6149,6264,7270,7539,7540,7876,7926,7931,9176,9555,9978,10166
249	58,623,624,1291,1627,2012,2062,2280,3661,3709,4043,4502,4523,5065,5413,5533,5575,5711,5984,6251,6533,6539,7571,7572,7573,7575,8300,8591,8592,8671,8782,9406,9695,9757,9991
250	6255,7579,8366,9510
251	2584,6134
252	2207
253	3865,6955,7627,7628,7629,7630,9834
254	72,123,193,232,339,340,341,357,523,525,533,879,1306,1492,1493,1519,1593,1716,1929,1957,2691,2866,2900,3186,3260,3316,3426,3725,3846,3883,4043,4064,4364,4433,4501,4855,4894,5155,5284,5305,5488,5501,5668,5705,5758,6193,6267,6449,6714,6819,7081,7213,7261,7366,7391,7456,7504,7662,7663,7664,7666,7668,7669,7675,7818,7884,8357,8774,8786,8787,8841,9133,9273,9301,9406,9493,9695,9747,9923,10045
255	454,1078,1895,5619,6965,7003,7720,7735,7736,7737,7738,7739,7740,7868,8347,8837,9266,9406,9503,9815,9874
256	3022,4550,5049,5615,6082,7410,7550,7755,8955,8956,9300,9634
257	2862,2895,2896,6091,6261,8186,9900
258	132,741,1002,1059,1537,2129,2147,2400,3027,3122,3124,3450,3456,3476,3989,4261,4635,5522,6607,6684,6749,7323,7685,7826,8397,8727,9065,9683,9928,9990,10044
259	215,368,369,570,599,735,742,827,888,1242,1286,1297,1299,1332,1334,1403,1457,1622,1669,1673,1932,2157,2210,2258,2326,2425,2567,2595,2701,2797,2808,2922,2990,3045,3346,3392,3448,3560,3666,3752,3756,3763,3831,3898,3899,3990,3994,4001,4089,4115,4192,4267,4433,4486,4495,4496,4502,4514,4522,4538,4551,4804,4994,5077,5126,5134,5446,5524,5668,5708,5710,5756,5914,6116,6148,6293,6294,6295,6296,6297,6298,6347,6361,6425,6508,6516,6522,6574,6897,6989,6996,7068,7084,7227,7255,7502,7602,7609,7618,7717,7791,7889,7890,7891,7924,7928,8199,8442,8443,8453,8597,8599,8657,8755,8848,8861,8864,8915,8946,9035,9037,9276,9381,9392,9596,9695,9756,9818,9819,9896,9929,9930,10029,10040,10049,10090
260	223,225,748,749,1035,1467,1627,2123,2528,2753,2769,2778,3016,3273,3316,3821,3961,4448,4498,4881,4928,5041,5189,5281,5386,5817,5953,6010,6015,6074,6101,6102,6109,6176,6291,6354,6476,6613,6777,7779,7918,8140,8324,9303,9558,9701,9745
261	278,491,548,549,561,583,766,1061,1262,1576,1634,1740,1934,2265,2334,2530,2879,3048,3453,3597,3632,3754,3828,4073,4183,4208,4271,4282,4613,4985,5189,5465,5689,5923,6103,6473,6491,6510,6839,6877,7397,7563,7589,7750,7779,7951,7952,7953,8282,8449,9322,9476,9674,9991,10080,10156
262	238,844,2744,4540,6077,6078,6973,6974,7041,7239,7240,7762,7763,8628
263	556,581,1112,1593,3462,3918,7954,8590,9104,9863
264	903,1830,1997,5002,5591,8335,9212,9575,9576
265	123,138,175,193,358,411,555,589,647,697,724,751,780,832,900,922,960,966,978,1031,1194,1249,1255,1394,1438,1439,1442,1445,1474,1489,1587,1648,1703,1720,1731,1741,1762,1811,1823,1834,1910,2070,2115,2119,2123,2167,2173,2189,2219,2227,2252,2288,2296,2314,2316,2323,2336,2393,2411,2415,2513,2639,2680,2712,2805,2866,2881,2886,2890,2908,2930,3001,3008,3087,3097,3126,3139,3155,3237,3284,3311,3359,3408,3409,3472,3473,3474,3586,3610,3664,3762,3776,3783,3829,3842,3883,3915,3964,4013,4024,4028,4030,4032,4035,4037,4107,4122,4154,4176,4185,4228,4236,4238,4278,4285,4286,4433,4444,4539,4564,4572,4574,4606,4615,4616,4666,4673,4733,4747,4748,4749,4750,4751,4752,4815,4824,4859,4860,4874,4914,4983,5036,5080,5145,5191,5206,5211,5268,5276,5306,5332,5388,5489,5520,5556,5586,5590,5599,5689,5694,5697,5721,5747,5806,5811,5860,5894,5951,5958,5981,5988,5994,5995,6042,6123,6127,6128,6166,6207,6211,6234,6263,6324,6434,6538,6570,6580,6617,6619,6630,6654,6823,6825,6848,6935,6957,7043,7053,7058,7061,7210,7233,7234,7272,7404,7419,7420,7593,7747,7758,7759,7783,7791,7834,7840,7896,7958,7959,7960,7961,7962,7963,7964,7968,7969,7970,7971,7974,7975,8085,8086,8087,8091,8221,8222,8251,8256,8268,8315,8333,8388,8394,8444,8455,8456,8545,8562,8569,8590,8643,8675,8684,8798,8819,8830,8834,8839,8880,8911,8993,9023,9028,9040,9091,9124,9151,9242,9249,9250,9251,9278,9299,9317,9343,9574,9582,9588,9638,9672,9695,9728,9734,9849,9853,9870,9880,9964,9968,9994,10158
266	237,534,547,1661,3294,7978,9565
267	7305
268	3373,4437,5185,7999
269	924,1841,2982,6085,6180,6952,8003,8004,8005
270	1775,2333,2909,2957,4010,4540,5089,6975,7112,7912,8015,8016,8270,8384,8445,8822
271	75,103,104,105,106,109,111,112,113,130,236,280,281,293,296,297,388,403,448,477,488,507,638,652,688,694,706,842,870,897,904,980,981,1030,1054,1069,1086,1097,1121,1139,1256,1287,1330,1365,1408,1458,1511,1619,1637,1644,1645,1650,1657,1702,1725,1880,1881,2044,2091,2253,2267,2315,2421,2422,2463,2495,2507,2508,2642,2669,2670,2884,2941,2956,3022,3023,3083,3093,3187,3284,3343,3369,3402,3469,3478,3562,3661,3680,3734,3743,3758,3888,3976,3993,4108,4164,4234,4260,4386,4395,4423,4462,4464,4527,4543,4588,4663,4783,4784,4789,4795,4978,5020,5021,5043,5079,5081,5098,5133,5166,5206,5234,5387,5439,5445,5454,5455,5457,5530,5567,5713,5811,5883,5923,5949,5950,5972,6054,6139,6159,6220,6319,6418,6419,6508,6513,6544,6547,6559,6575,6616,6696,6746,6782,7101,7102,7146,7274,7337,7344,7354,7379,7494,7508,7511,7691,7710,7724,7725,7727,7728,7729,7730,7732,7733,7734,7870,7874,8019,8155,8164,8176,8191,8318,8320,8327,8381,8387,8389,8404,8672,8699,8719,8733,8765,8783,8785,8828,8895,8896,8940,9008,9013,9031,9073,9132,9161,9213,9305,9355,9526,9609,9611,9695,9735,9912,9943,9948,9965,9966,9967,10005,10094
272	8022
273	1100,1303,1397,1400,4640,4773,8025,8027,8492
274	635,722,743,1212,2074,2275,3408,4009,4433,4543,5192,5488,5811,6051,7779,8029,8030,8031,8595,8612,9695,9700,9991,10067
275	972,3883,6114,6650,6820,7038,8409,8440,8949
276	336,2424,2487,4809,6006,6909,7567,7979,7980,8041,8044,9266,9267,10060
277	67,789,887,1032,1986,3128,3425,4071,4641,5034,5061,5831,6478,6972,8052,8053,8634,8811,9025
278	695,1908,3560,4378,5032,5634,5635,5664,5957,8077,8080,8339,8792,9001,9356
279	1966,5189,8100,8848
280	73,123,401,1422,1606,1668,1968,2401,2492,2695,2706,3316,3481,3707,4265,4433,4621,5414,5568,5714,5923,6051,6082,6378,6519,6639,6726,7445,7467,8105,8166,8167,8363,9057,9381,9638,9640,9695,9991
281	123,124,129,315,1853,1854,1902,3284,3286,3825,3827,4159,4836,4837,4838,4844,4845,4846,4847,5811,5812,6051,6052,6082,6706,6707,7029,7030,7779,7780,8107,8108,8109,8110,8111,9695,9696
282	140,1044,1056,1090,1163,1243,1594,2449,2563,3803,4608,4664,5043,5718,5963,6064,6129,6131,6152,6364,7218,8112,8113,8115,8215,8367,8734,8859,9629,9853,9989
283	97,558,1046,1095,1381,1392,1552,2858,3589,4054,4384,4872,5073,5122,5841,5975,6021,6473,7032,7167,7621,7812,8116,8182,8254,8379,8425,9342,9344,9892,9941
284	328,524,782,2078,2284,3440,3810,6005,6832,8118,8119,8120,8121,8122,8123,8125,9820
285	1446,4447,4933,4959,7390,7434,7557
286	335,774,1147,2485,3123,4456,4825,6703,6829,7151,8133
287	1376,1380,2680,3284,3661,4478,5194,5811,6680,7022,7117,7298,7526,7779,8138,9457,9458,9898
288	746,1104,5808,6244,6671,7513,9045
289	73,186,664,954,1127,1148,1624,2850,3622,3937,3938,3977,3978,4020,4068,4069,4353,4360,4401,4667,4726,5047,5048,5445,5496,5618,5836,5888,6125,6126,7120,7121,7122,7288,7588,7597,7598,7599,7704,7813,7815,8142,8143,8144,8145,8146,8147,8148,8149,8251,8309,8563,8564,8629,8669,8740,8945,9519,9867,10155
290	1433,1434,1733,4059,7277,7617,8160,8165,8544,8875,9768
291	998,1767,3186,5692,5693,7292,7491,8174,8175
292	8219,8220
293	4348
294	1584,2544,3454,4044,4299,4744,6752,8225,8227,8228
295	381,1126,4920,6954,8823,9793
296	76,401,2929,3914,3917,4387,8240,9049,10069
297	171,333,490,508,520,584,704,913,1141,1149,1182,1217,1329,1488,1714,1745,1750,1751,1752,1753,1754,1755,1756,1757,1810,1832,1853,1893,2017,2018,2024,2045,2046,2116,2285,2369,2510,2661,2678,2748,2924,3017,3064,3103,3175,3257,3321,3322,3380,3408,3430,3433,3503,3541,3673,3734,3859,3875,4062,4078,4128,4150,4243,4260,4300,4301,4432,4433,4575,4722,4737,4745,4777,4792,4793,4794,4914,4954,5027,5054,5062,5164,5165,5175,5176,5184,5305,5415,5521,5538,5644,5687,5689,5811,5820,5877,5945,5955,5987,5999,6000,6004,6011,6051,6168,6230,6357,6363,6431,6540,6699,6768,6794,6963,6970,7268,7269,7474,7525,7634,7748,7772,7785,7885,7886,7887,7888,7893,7898,7907,7910,7988,7989,7990,7991,7992,7993,7994,7995,8056,8090,8255,8257,8258,8312,8315,8341,8435,8567,8587,8589,8596,8598,8600,8603,8605,8622,8624,8626,8630,8632,8633,8658,8692,8703,8745,8746,8817,8830,8854,8904,8941,8990,9014,9018,9021,9038,9156,9221,9284,9320,9321,9563,9564,9642,9691,9727,9739,9746,9782,9783,9784,10100,10134,10164
298	1599,3645,6183,8296
299	8354,8356
300	333,1144,4452,4488,8382
301	477,550,639,911,941,2149,4105,4649,4660,4810,5481,6955,7853,8153,8399,8400,8401,8406,8876,9160,9410,9581,10039
302	8454,8459,8460
303	3270,4355,5527,7133,7806,8084,8465,8467,8468
304	8470
305	136,2124,3171,7271,8479
306	1278,8480,8481,9231,9235
307	1898,8496
308	606,607,608,1153,1154,1766,4258,4259,4302,5090,5154,5156,5436,5485,5488,6642,6643,7746,7779,7996,7997,8057,8058,8402,8403,8494,8495,8498,8499,8500,8501,8515,8522,8535,8536,8644,8646,8648,8649,9252,9253,9492,9494,9608,9964,9972
309	161,948
310	7705,7900,7901,7902
311	170,2977
312	70,82,84,123,452,595,596,597,617,622,625,626,654,801,1137,1226,1227,1768,1839,1853,1937,2123,2350,2357,2428,2456,2527,2748,3136,3480,3488,3685,3686,3733,3846,3910,4416,4492,4500,4534,4536,4537,4540,4548,4622,4742,5191,5471,5488,5553,5923,6121,6366,6398,6612,6697,6840,7153,7180,7203,7259,7281,7320,7601,7768,8006,8008,8009,8010,8195,8357,8547,8552,8637,8704,8706,8707,8754,8853,8910,8943,8952,9225,9346,9468,9502,9520,9627,9726,9835,9853,9991
313	2135,2172,2226,8758
314	968,1066,1647,1722,1729,1946,1966,2184,2349,2609,2841,3069,3317,3323,4734,4964,5402,5620,7008,7225,7363,8057,8548,8734,8772,8773,8820,9034,9446
315	2406,5012,5015,5835
316	343,4262,8857,8858
317	1180,2005,4433,6975,8912,9774,9791
318	68,1660,2170,2931,3682,3933,4623,5613,6909,7018,7419,7440,7466,7651,8573,8574,8849,8967,8969,8971,8973,9329,9331,10132
319	407,1850,1870,2518,3506,4890,5301,5307,6550,8980,8981
320	81,590,1098,1916,2003,2916,3560,4909,4979,5494,5839,6562,6571,6997,7469,7491,8253,9088,9648,9722,9820,9822,9891
321	475,530,907,1312,1503,2444,2445,3011,3114,4015,4187,4347,4437,4477,5029,5495,6457,7681,8226,8502,9148,9149,9155,9487,9669,9767,10154
322	463,567,1587,2421,2598,3464,3522,4425,5404,5856,5882,5952,6085,6130,6456,9129,9168,9170,9671,9961
323	9193
324	9222,9223
325	2165,2186,2370,3363,4481,4630,5719,6775,8097,9236,9237,9630,9649,9902
326	740,876,1241,1953,3931,3984,4082,4909,5663,6265,7697,7903,9244,9246,9620
327	714,1249,3188,5501,8375,9311,9312,9313,9341
328	142,171,325,1326,2025,2090,2708,2934,3004,3062,3249,3950,4310,4421,4652,6746,8372,9327,9895,9954
329	927,1540,2225,3288,3537,3628,3719,4043,4094,4449,4505,4589,5189,5601,5602,8463,8670,9358,9359,9360,9361
330	96,377,987,1171,1252,1803,2278,2471,2493,2577,2723,2847,3196,4612,4639,5189,5281,6067,6172,6839,7106,7204,7239,8314,9466,9599,9898
331	1082,1649,1892,2329,2426,2905,3618,3693,3744,4110,4244,4317,4961,5155,6038,6150,6198,6433,6722,6955,7319,8396,9304,9489,9490,9491,9498,9518,9778
332	8261,9512
333	451,1699,2084,2151,2745,3241,3590,3602,3689,4043,4178,4222,4896,5570,5922,5973,6227,6558,7130,7489,7586,7640,8252,8287,8378,8551,8882,9383,9384,9391,9561
334	813,836,1009,1079,1293,3191,3670,3735,3736,3797,5531,5742,6289,6660,7405,7425,9566,9567,9568,9589,9592,9606
335	2205,8651,8867,9653
336	2007,5434,7558,8248,9707,9708,9709,9710
337	1634,2404,2568,3306,4962,4975,5221,5976,6356,6830,6865,7355,7760,8659,8908,9712,9713,9714
338	2794,7414,9731,9732
339	1295,1337,2064,2675,4100,4101,5873,5881,5886,6082,6741,7843,7854,8014,8503,8962,9183,9528,9748,9760,10081
340	4987,5033,5035,7827,7828,7829,9771,9772
341	9862
342	917,2657,3138,3349,4565,7193,7247,8173,8193,8251,8848,9725,9828,9829,9959
343	9833
344	74,3022,3342,4576,4893,5034,5946,6252,9804,9876,9879
345	9949,9950
346	693,994,1138,8101,9955,9956,9957
347	3553,3554,8756,9632,9975,9976,9977
348	10022,10033
349	1070,1518,3252,10051,10052
350	800,1616,2416,2494,3310,3505,3703,5084,7146,7383,7537,8906,10053,10054,10061,10062,10103,10157
351	901,1151,3063,4849,4959,5470,7804,9182,9418,10106,10107
352	2425,3022,4346,4367,8412,10128,10130,10131
353	145,187,487,1093,1231,3100,3678,4738,5189,5196,6948,7653,7659,8855,8856,9100,9272,10137,10138
354	1667,1987,2551,2575,3696,4283,4284,6956,7583,9890,9891,10146,10147
