county	schoolName
0	48,107,110,163,164,165,168,169,176,177,178,179,224,230,239,240,245,279,323,329,333,344,345,362,364,365,366,402,443,466,512,553,554,557,563,585,598,601,605,609,618,619,631,635,655,663,684,722,743,776,777,778,792,794,837,838,889,890,891,956,957,969,1011,1048,1080,1086,1094,1097,1103,1129,1140,1194,1197,1202,1204,1212,1249,1304,1305,1385,1417,1523,1524,1525,1527,1529,1530,1580,1601,1625,1635,1743,1794,1819,1829,1853,1917,1936,1967,1969,1982,1985,2010,2011,2042,2043,2069,2074,2085,2103,2104,2112,2126,2153,2155,2275,2294,2329,2341,2392,2459,2467,2505,2546,2547,2572,2573,2610,2611,2613,2614,2615,2632,2633,2660,2666,2667,2668,2680,2688,2800,2802,2846,2864,2866,2871,2872,2873,2876,2894,2899,2921,2923,2955,2964,3058,3071,3187,3213,3259,3265,3272,3284,3289,3293,3298,3303,3313,3317,3331,3347,3365,3368,3408,3436,3523,3524,3552,3558,3566,3591,3639,3661,3672,3705,3749,3751,3822,3838,3841,3868,3871,3877,3894,3895,3904,3941,3963,3969,4009,4040,4042,4062,4081,4088,4130,4135,4151,4163,4167,4180,4245,4266,4275,4297,4316,4328,4330,4350,4363,4375,4380,4394,4396,4428,4433,4461,4468,4487,4501,4502,4509,4512,4513,4532,4540,4543,4587,4599,4636,4651,4653,4739,4778,4787,4814,4914,5022,5030,5034,5051,5057,5064,5075,5078,5096,5120,5167,5172,5173,5189,5192,5194,5241,5242,5258,5261,5262,5304,5308,5323,5451,5475,5488,5492,5493,5539,5572,5573,5577,5636,5675,5689,5709,5712,5743,5774,5797,5811,5854,5954,6012,6013,6017,6018,6051,6071,6097,6210,6253,6304,6309,6337,6340,6369,6370,6401,6469,6546,6593,6594,6595,6596,6597,6598,6599,6600,6601,6602,6603,6628,6670,6789,6795,6807,6890,6951,6964,6968,7012,7048,7085,7098,7099,7100,7102,7103,7144,7161,7195,7258,7286,7374,7421,7454,7459,7460,7484,7486,7488,7631,7635,7636,7713,7779,7785,7787,7792,7825,7846,7856,7861,7866,7881,7906,7938,8029,8030,8031,8032,8033,8034,8035,8102,8190,8203,8224,8251,8390,8428,8538,8555,8560,8586,8593,8594,8595,8604,8609,8610,8612,8625,8627,8631,8655,8717,8722,8734,8743,8744,8751,8801,8821,8830,8987,9013,9015,9016,9019,9020,9026,9027,9029,9030,9054,9079,9084,9086,9087,9130,9131,9145,9185,9279,9296,9297,9298,9318,9319,9362,9382,9406,9443,9525,9537,9543,9569,9650,9674,9685,9695,9697,9700,9747,9776,9823,9868,9891,9896,9904,9918,9922,9933,9991,10024,10067,10115,10135,10136,10145,10153
1	343,519,4262,4304,4364,4366,6186,7201,8307,8857,8858
2	91,108,727,932,945,947,961,1000,1228,1575,1593,1665,1737,1738,1739,1744,1801,2559,2560,2561,2967,3044,3588,3717,3939,4140,4142,4143,4144,4292,4307,5005,5232,5278,5632,5682,5811,5821,5897,6191,6305,6518,6585,6588,6764,6765,6867,6868,6869,6870,6930,6932,6933,6934,6936,6937,6938,7115,7190,7197,7225,7585,7809,8294,8325,8368,8371,8644,8742,8879,9991,10088
3	1276,1282,1285,2029,2319,3581,7935,9402,9781
4	500,1954,1955,1956,3477,4272,4397,5246,5770,5771,5772,7105,7282,7283,9949,9950
5	58,98,99,100,114,122,171,212,229,285,468,470,471,623,624,682,720,790,824,861,930,976,977,997,1014,1082,1096,1110,1177,1222,1291,1296,1326,1336,1351,1358,1448,1466,1586,1627,1695,1842,1923,1930,1996,2012,2013,2062,2089,2108,2143,2223,2280,2299,2302,2329,2359,2395,2397,2398,2419,2464,2488,2497,2583,2617,2662,2689,2703,2741,2751,2759,2836,3042,3063,3172,3186,3190,3204,3300,3307,3316,3379,3431,3568,3600,3661,3695,3698,3709,3796,3804,3820,3926,3947,3979,3980,3985,4017,4020,4043,4054,4083,4095,4173,4260,4272,4311,4312,4354,4360,4463,4484,4502,4523,4540,4557,4558,4696,4730,4914,4997,4999,5034,5065,5132,5153,5157,5162,5237,5239,5279,5281,5298,5369,5377,5389,5413,5444,5466,5481,5533,5575,5683,5684,5711,5716,5717,5728,5832,5847,5923,5984,5992,6001,6075,6084,6120,6140,6193,6208,6209,6230,6251,6260,6310,6496,6533,6539,6541,6560,6605,6646,6657,6679,6748,6755,6894,6953,6972,7114,7118,7134,7135,7144,7154,7155,7187,7293,7325,7336,7350,7423,7429,7571,7572,7573,7575,7621,7672,7678,7767,7897,7915,8082,8247,8251,8253,8267,8269,8276,8286,8300,8398,8434,8557,8559,8572,8591,8592,8601,8607,8609,8616,8619,8621,8623,8652,8671,8696,8716,8724,8731,8776,8781,8782,8790,8824,8859,8883,8938,9043,9096,9110,9238,9263,9349,9354,9406,9410,9467,9469,9484,9546,9582,9626,9644,9647,9652,9659,9695,9757,9853,9909,9962,9969,9991,10004,10075,10084,10098,10099,10121
6	912,1517,2136,2322,2820,4466,6179,9287
7	8602
8	161,948,1164,1302,1339,2694,2709,2749,2750,2752,3582,3593,3972,4256,4268,4364,5410,5645,7126,7185,7517,8344,8347,9294,9910
9	76,127,157,313,338,401,432,536,573,591,681,683,696,916,938,955,966,1161,1167,1186,1213,1319,1328,1416,1481,1482,1555,1568,1574,1590,1605,1626,1732,1808,1871,1872,1873,1875,1876,1877,1878,1879,1887,1907,1945,1966,2026,2028,2105,2257,2313,2389,2543,2643,2658,2679,2681,2685,2735,2770,2912,2914,2929,2930,2933,3024,3035,3084,3133,3140,3141,3142,3143,3144,3159,3218,3224,3226,3245,3246,3306,3329,3330,3408,3431,3445,3500,3505,3518,3604,3659,3776,3794,3864,3897,3914,3917,3946,3975,3999,4097,4205,4223,4319,4345,4364,4387,4392,4407,4433,4438,4490,4552,4555,4556,4657,4668,4703,4704,4708,4742,4756,4764,4765,4802,4822,4977,5023,5045,5189,5414,5537,5541,5548,5578,5653,5689,5778,5793,5800,5811,5819,5861,5862,5863,5864,5935,5991,6040,6086,6160,6190,6193,6231,6290,6318,6358,6437,6448,6533,6724,6728,6982,6999,7000,7080,7090,7116,7253,7357,7367,7378,7458,7462,7496,7497,7527,7624,7641,7660,7677,7716,7749,7751,7779,7781,7880,7882,8100,8204,8240,8251,8253,8345,8375,8383,8431,8534,8660,8818,8830,8848,8935,8951,8976,8989,9049,9071,9113,9173,9238,9440,9511,9541,9547,9556,9695,9718,9728,9744,9779,9780,9942,9991,10027,10034,10069,10073
10	2821,3067,3553,3554,3775,3776,3777,6485,6757,6758,7276,8756,9632,9916,9975,9976,9977
11	150,214,504,505,506,1536,1891,2197,2498,2584,2711,3006,3120,3121,3227,3228,3229,3351,3408,3661,4227,4369,5040,5273,5814,5815,6134,6161,6435,6493,6494,6495,6831,6846,7482,7492,8415,8416,8497,8808,9117,9192,9193,9295,9695,10165
12	662,719,747,868,950,986,1071,1288,1289,1308,1598,1619,2281,2384,2469,2910,3070,3271,3318,3920,3923,4125,4126,4137,4241,4246,4250,4252,4352,4692,5607,5704,5792,5841,5935,6268,7076,7741,8223,8232,8543,8905,9790,9833,9934,9993
13	970,971,4138,5247,5296,5297,6802,6803,8342
14	65,180,213,286,287,361,376,582,586,644,660,699,700,803,809,810,894,914,915,951,1033,1145,1177,1180,1456,1497,1547,1570,1627,1628,1677,1761,1767,1921,1933,1945,1973,1994,2005,2190,2332,2340,2342,2343,2424,2460,2489,2491,2509,2519,2525,2596,2612,2682,2732,2790,2826,2903,3022,3049,3067,3187,3276,3284,3296,3304,3309,3316,3341,3348,3447,3596,3658,3700,3702,3724,3823,3876,3958,4046,4167,4172,4175,4258,4260,4433,4656,4712,4714,4716,4904,4967,5042,5116,5118,5121,5157,5220,5305,5396,5408,5579,5626,5627,5628,5803,5805,5807,5933,5983,6034,6036,6153,6197,6225,6243,6255,6266,6269,6446,6447,6450,6465,6528,6532,6545,6652,6659,6715,6741,6877,6919,6975,7010,7021,7141,7143,7170,7171,7284,7329,7356,7358,7382,7487,7569,7579,7584,7692,7718,7770,7779,7795,7810,7852,7867,8028,8251,8253,8330,8357,8366,8375,8385,8408,8502,8641,8674,8698,8701,8702,8718,8836,8912,8995,9004,9012,9066,9101,9208,9354,9393,9394,9482,9510,9551,9572,9607,9614,9615,9665,9686,9687,9689,9701,9720,9721,9755,9767,9774,9791,9836,9908,9937,9948,10014,10163
15	541,1085,1097,1587,1792,2031,2160,2593,3787,3788,3789,3791,3793,4342,4410,4429,4492,4503,4543,4592,4758,4759,4761,5108,5109,5110,5160,5189,5668,5704,6051,6814,6976,7150,7499,7501,7779,8732,8827,10070
16	298,1211,1424,1844,1847,2608,2623,2663,4053,4680,4681,4934,4935,4951,4952,4953,5416,5430,5931,5974,6203,6299,7219,9006,9316
17	944,2406,5012,5015,5835,9850
18	0,2,3,4,5,6,7,8,9,10,11,14,15,16,18,19,20,21,22,25,27,28,30,33,34,35,36,38,39,40,41,44,45,46,49,50,51,52,53,54,55,56,57,69,71,73,74,77,78,79,85,86,87,89,90,92,93,94,95,97,102,125,126,127,137,146,147,148,149,156,162,182,183,184,191,193,194,195,201,203,205,206,207,208,209,210,216,237,242,243,244,246,247,248,249,251,252,254,255,256,257,258,259,260,261,262,263,264,266,267,268,270,271,272,276,277,288,289,299,301,302,304,305,317,322,333,334,346,347,348,349,350,351,352,353,354,372,373,374,380,384,385,386,390,396,397,398,399,400,405,406,407,408,409,412,414,415,416,417,418,419,420,422,423,424,426,427,428,429,430,431,433,441,444,446,447,461,462,472,473,475,478,479,480,481,485,492,493,495,496,497,503,510,517,527,528,529,530,534,538,539,540,542,547,550,553,558,559,565,569,574,587,588,594,600,606,607,608,610,611,612,613,614,616,620,627,628,629,640,641,650,651,656,657,658,659,661,665,667,668,669,675,685,697,701,702,703,708,709,711,712,722,723,725,726,728,729,734,738,739,750,753,754,755,758,767,768,769,771,772,779,795,796,797,808,821,822,823,828,829,830,834,835,841,853,854,855,857,858,859,862,865,866,869,874,878,879,881,882,884,885,886,905,906,907,908,909,910,920,921,923,925,926,928,929,949,952,962,964,966,967,975,989,990,1003,1004,1007,1021,1022,1023,1046,1051,1052,1057,1058,1060,1062,1063,1065,1077,1083,1084,1087,1091,1092,1095,1100,1101,1105,1108,1114,1115,1116,1117,1118,1119,1120,1124,1125,1133,1135,1144,1149,1153,1154,1157,1160,1162,1166,1168,1169,1170,1177,1179,1183,1184,1189,1190,1192,1193,1194,1196,1200,1201,1216,1219,1221,1224,1225,1232,1246,1248,1251,1254,1257,1258,1267,1268,1270,1271,1272,1273,1274,1295,1312,1323,1331,1333,1337,1341,1342,1343,1344,1345,1346,1347,1348,1349,1363,1364,1366,1367,1368,1369,1370,1371,1372,1374,1376,1379,1380,1381,1388,1392,1396,1399,1428,1429,1431,1446,1449,1452,1454,1455,1460,1462,1473,1475,1476,1477,1478,1479,1480,1483,1484,1489,1503,1505,1507,1508,1509,1512,1513,1538,1539,1552,1553,1554,1557,1558,1560,1561,1562,1563,1564,1565,1566,1569,1573,1578,1579,1582,1583,1587,1588,1591,1595,1603,1606,1607,1608,1609,1612,1620,1625,1627,1653,1654,1655,1656,1659,1661,1665,1666,1676,1678,1679,1682,1685,1686,1687,1690,1691,1696,1697,1698,1701,1705,1706,1707,1709,1710,1711,1712,1717,1718,1719,1724,1730,1734,1742,1766,1771,1773,1785,1786,1787,1788,1789,1796,1797,1798,1799,1800,1813,1815,1816,1817,1818,1827,1828,1843,1850,1852,1853,1855,1856,1857,1858,1860,1861,1864,1865,1866,1870,1883,1898,1900,1904,1905,1911,1912,1915,1918,1925,1928,1931,1945,1948,1949,1950,1951,1952,1959,1961,1965,1966,1970,1974,1975,1980,1988,1989,1990,1991,1992,1998,2014,2015,2047,2050,2051,2064,2075,2086,2087,2098,2100,2101,2130,2131,2132,2133,2139,2142,2144,2152,2162,2168,2169,2171,2174,2178,2179,2180,2181,2182,2193,2205,2206,2212,2213,2214,2215,2216,2217,2218,2220,2221,2224,2231,2232,2234,2241,2245,2246,2247,2249,2250,2261,2268,2274,2276,2277,2290,2291,2293,2303,2304,2330,2344,2345,2367,2368,2379,2381,2385,2386,2387,2391,2399,2402,2407,2409,2418,2423,2427,2432,2433,2438,2439,2440,2441,2443,2444,2445,2446,2448,2453,2470,2474,2475,2476,2477,2478,2499,2500,2503,2504,2511,2512,2518,2521,2522,2523,2524,2526,2529,2531,2535,2538,2539,2541,2545,2554,2558,2565,2566,2574,2586,2587,2588,2589,2591,2592,2603,2606,2622,2624,2625,2626,2627,2628,2629,2630,2631,2637,2638,2648,2649,2651,2653,2655,2657,2664,2665,2675,2680,2683,2692,2704,2705,2709,2724,2725,2727,2728,2729,2730,2746,2747,2748,2755,2761,2762,2764,2765,2773,2774,2776,2779,2780,2781,2783,2784,2785,2786,2787,2788,2801,2804,2813,2814,2815,2833,2834,2835,2838,2843,2856,2857,2858,2859,2860,2862,2863,2865,2866,2867,2868,2869,2870,2888,2889,2895,2896,2897,2898,2901,2902,2904,2907,2913,2915,2917,2918,2919,2920,2925,2926,2927,2928,2935,2937,2938,2940,2943,2944,2947,2958,2959,2964,2965,2971,2972,2973,2974,2975,2979,2980,3000,3002,3005,3009,3011,3014,3018,3019,3020,3021,3022,3028,3034,3036,3037,3039,3040,3041,3046,3047,3050,3051,3055,3079,3088,3089,3095,3105,3107,3108,3111,3114,3115,3125,3129,3130,3132,3134,3135,3145,3146,3149,3150,3152,3153,3154,3158,3161,3162,3163,3165,3170,3190,3202,3205,3223,3231,3233,3234,3243,3253,3254,3256,3258,3261,3263,3269,3279,3280,3281,3282,3284,3285,3290,3292,3294,3312,3314,3315,3316,3319,3333,3334,3337,3338,3342,3345,3350,3353,3354,3358,3361,3373,3374,3375,3377,3378,3381,3383,3384,3387,3388,3395,3396,3397,3398,3399,3403,3404,3405,3406,3407,3408,3410,3414,3415,3417,3419,3420,3421,3422,3423,3424,3438,3441,3457,3458,3460,3463,3466,3475,3482,3485,3486,3493,3498,3499,3504,3506,3507,3508,3515,3516,3520,3521,3526,3527,3528,3529,3530,3531,3532,3533,3534,3540,3546,3547,3549,3555,3556,3560,3561,3563,3564,3565,3569,3572,3574,3575,3589,3592,3608,3609,3611,3614,3620,3623,3627,3633,3634,3635,3636,3637,3638,3640,3641,3642,3643,3648,3649,3650,3660,3661,3662,3665,3667,3668,3674,3675,3676,3681,3710,3720,3721,3722,3723,3730,3738,3741,3742,3757,3759,3760,3761,3764,3776,3779,3780,3781,3782,3784,3785,3807,3808,3809,3812,3813,3814,3816,3824,3826,3832,3833,3834,3837,3846,3847,3848,3849,3854,3855,3856,3858,3860,3861,3862,3863,3872,3873,3874,3878,3879,3880,3883,3885,3887,3891,3892,3900,3901,3903,3913,3925,3928,3929,3934,3935,3943,3944,3954,3956,3967,3970,3975,3982,3997,3998,4002,4003,4004,4005,4006,4015,4022,4034,4043,4046,4049,4050,4052,4054,4056,4057,4058,4061,4062,4063,4066,4067,4073,4074,4084,4090,4091,4092,4098,4099,4100,4101,4106,4109,4111,4113,4114,4116,4117,4118,4119,4120,4121,4122,4123,4124,4145,4146,4147,4148,4149,4152,4155,4156,4158,4160,4166,4167,4169,4177,4184,4186,4187,4189,4190,4191,4194,4195,4199,4202,4203,4204,4206,4207,4212,4213,4214,4215,4217,4218,4219,4222,4226,4229,4231,4232,4233,4239,4240,4258,4259,4277,4279,4280,4287,4289,4295,4302,4315,4331,4332,4334,4335,4336,4337,4344,4347,4351,4359,4361,4364,4370,4371,4372,4374,4384,4389,4390,4391,4399,4402,4404,4414,4425,4427,4430,4431,4433,4436,4437,4440,4445,4446,4447,4452,4457,4459,4460,4461,4464,4476,4477,4478,4479,4480,4482,4488,4489,4491,4492,4493,4502,4516,4517,4518,4519,4524,4534,4535,4540,4543,4546,4549,4559,4560,4566,4576,4577,4578,4579,4581,4582,4583,4591,4593,4603,4607,4609,4614,4617,4628,4629,4641,4647,4648,4659,4679,4682,4688,4689,4691,4694,4697,4698,4699,4700,4701,4705,4718,4719,4720,4742,4743,4746,4753,4754,4767,4768,4779,4780,4781,4785,4788,4790,4791,4799,4803,4805,4806,4807,4811,4812,4813,4820,4826,4830,4832,4833,4834,4835,4843,4853,4867,4868,4872,4875,4882,4885,4886,4890,4891,4892,4893,4900,4901,4907,4914,4915,4933,4942,4943,4945,4946,4949,4959,4965,4969,4970,4971,4972,4980,4981,4984,4985,4986,4987,4988,4989,5003,5008,5009,5010,5013,5014,5016,5025,5026,5029,5033,5034,5035,5039,5044,5052,5053,5058,5063,5066,5067,5068,5073,5076,5082,5083,5090,5091,5094,5097,5099,5102,5112,5113,5119,5122,5123,5128,5135,5139,5147,5148,5149,5152,5154,5156,5169,5170,5171,5177,5179,5181,5182,5185,5189,5194,5198,5199,5200,5202,5208,5215,5219,5223,5245,5251,5252,5253,5255,5256,5257,5259,5266,5267,5269,5271,5272,5280,5281,5287,5288,5294,5301,5302,5303,5305,5307,5312,5313,5315,5316,5318,5320,5321,5322,5333,5337,5338,5340,5341,5342,5343,5344,5345,5346,5347,5349,5350,5352,5353,5355,5356,5357,5359,5366,5372,5373,5374,5379,5392,5397,5398,5399,5411,5414,5418,5419,5431,5433,5436,5441,5442,5443,5459,5460,5461,5463,5464,5472,5477,5479,5485,5488,5491,5495,5499,5500,5502,5508,5509,5510,5511,5514,5515,5516,5517,5518,5519,5525,5526,5534,5540,5546,5547,5551,5552,5555,5562,5563,5564,5565,5574,5581,5582,5583,5584,5587,5588,5603,5606,5614,5617,5623,5624,5640,5641,5642,5649,5650,5657,5659,5660,5661,5665,5666,5667,5668,5670,5671,5676,5677,5678,5679,5680,5688,5691,5694,5696,5698,5699,5700,5703,5704,5720,5721,5722,5737,5751,5763,5766,5768,5769,5770,5775,5776,5777,5780,5781,5782,5783,5784,5787,5788,5789,5791,5809,5810,5811,5830,5841,5849,5851,5853,5868,5869,5873,5878,5881,5885,5886,5891,5899,5901,5902,5905,5906,5916,5917,5919,5920,5921,5924,5925,5926,5928,5929,5938,5941,5942,5943,5946,5959,5960,5961,5962,5975,5977,5978,5985,5989,5990,5991,5997,6021,6033,6045,6046,6047,6048,6050,6051,6053,6056,6057,6058,6062,6063,6068,6069,6080,6081,6082,6085,6087,6088,6089,6090,6091,6094,6106,6107,6108,6113,6132,6143,6156,6173,6174,6177,6178,6187,6192,6193,6194,6199,6213,6216,6218,6226,6232,6233,6240,6241,6242,6245,6246,6247,6248,6252,6261,6270,6271,6272,6273,6276,6279,6283,6285,6300,6301,6302,6317,6321,6322,6323,6325,6326,6329,6331,6332,6335,6336,6338,6343,6344,6348,6349,6350,6352,6355,6359,6360,6365,6367,6368,6373,6374,6375,6380,6387,6396,6397,6399,6402,6403,6404,6405,6406,6407,6408,6412,6413,6414,6415,6417,6423,6424,6432,6440,6441,6442,6443,6444,6445,6457,6459,6460,6461,6462,6463,6464,6471,6472,6473,6497,6500,6501,6503,6504,6505,6511,6512,6514,6515,6517,6529,6530,6531,6534,6537,6542,6543,6550,6568,6577,6578,6606,6611,6620,6624,6638,6641,6642,6643,6644,6652,6662,6667,6668,6674,6680,6681,6686,6688,6689,6690,6691,6692,6693,6694,6695,6705,6708,6709,6712,6717,6719,6734,6741,6743,6744,6762,6771,6772,6774,6776,6778,6779,6780,6786,6787,6788,6793,6798,6799,6801,6804,6805,6811,6812,6817,6822,6826,6835,6841,6842,6853,6854,6855,6856,6857,6858,6859,6860,6861,6871,6872,6878,6879,6887,6891,6892,6893,6899,6900,6901,6902,6916,6917,6920,6921,6923,6924,6925,6929,6931,6941,6943,6945,6946,6947,6948,6949,6951,6959,6960,6961,6962,6971,6983,6984,6985,6987,6988,6991,6993,7001,7004,7009,7015,7022,7032,7033,7036,7051,7052,7068,7077,7083,7089,7097,7117,7124,7125,7127,7129,7156,7167,7168,7169,7172,7176,7177,7179,7199,7200,7201,7202,7206,7212,7213,7214,7215,7216,7222,7224,7232,7235,7252,7256,7257,7264,7265,7266,7278,7279,7285,7296,7298,7299,7301,7302,7303,7305,7306,7309,7310,7312,7313,7314,7315,7317,7318,7321,7327,7331,7332,7334,7335,7339,7340,7342,7346,7370,7373,7380,7381,7384,7387,7390,7392,7395,7396,7398,7401,7402,7415,7417,7418,7428,7434,7439,7441,7446,7449,7479,7481,7495,7505,7508,7509,7510,7512,7516,7518,7519,7520,7521,7522,7523,7524,7526,7532,7533,7534,7536,7541,7546,7547,7557,7559,7561,7562,7565,7568,7576,7580,7589,7590,7591,7592,7612,7616,7621,7622,7633,7638,7639,7654,7655,7670,7671,7681,7682,7684,7690,7693,7694,7695,7706,7712,7715,7722,7723,7745,7746,7753,7754,7774,7778,7779,7785,7786,7791,7793,7794,7797,7798,7799,7800,7808,7812,7821,7822,7824,7827,7828,7829,7833,7839,7841,7843,7844,7845,7850,7851,7854,7855,7859,7863,7904,7920,7923,7927,7939,7940,7941,7942,7943,7978,7981,7982,7983,7984,7985,7986,7987,7996,7997,7999,8014,8017,8018,8021,8048,8057,8058,8060,8061,8065,8066,8067,8069,8070,8071,8072,8073,8074,8075,8079,8092,8095,8116,8127,8129,8137,8138,8140,8162,8163,8172,8178,8179,8180,8181,8182,8186,8187,8196,8198,8205,8207,8208,8214,8226,8231,8235,8236,8237,8238,8242,8249,8254,8259,8260,8272,8273,8279,8289,8290,8304,8311,8313,8316,8317,8319,8321,8328,8329,8337,8338,8347,8354,8356,8360,8361,8362,8374,8375,8379,8380,8382,8392,8402,8403,8405,8420,8421,8422,8425,8441,8450,8451,8452,8461,8462,8464,8466,8482,8483,8486,8494,8495,8496,8498,8499,8500,8501,8502,8503,8509,8510,8512,8514,8515,8516,8517,8519,8520,8521,8522,8523,8524,8526,8527,8535,8536,8539,8546,8550,8561,8580,8585,8588,8591,8613,8644,8646,8648,8649,8651,8653,8654,8655,8662,8663,8664,8665,8666,8678,8679,8681,8686,8688,8693,8694,8697,8715,8725,8726,8728,8729,8730,8734,8735,8736,8748,8749,8750,8753,8760,8764,8769,8779,8788,8791,8793,8794,8795,8796,8802,8803,8804,8805,8806,8807,8812,8826,8830,8842,8843,8844,8851,8852,8853,8862,8865,8866,8867,8868,8884,8885,8886,8887,8888,8889,8892,8893,8894,8898,8899,8900,8901,8902,8903,8936,8937,8948,8950,8962,8963,8964,8965,8966,8978,8980,8981,8983,8992,8996,8997,9017,9048,9049,9050,9051,9055,9056,9058,9059,9062,9065,9067,9068,9077,9080,9081,9095,9099,9111,9116,9120,9121,9122,9125,9126,9127,9128,9138,9139,9142,9143,9148,9149,9155,9157,9158,9167,9169,9183,9188,9197,9198,9201,9204,9214,9224,9226,9227,9228,9239,9247,9252,9253,9256,9257,9258,9265,9275,9280,9286,9288,9289,9307,9308,9309,9310,9326,9330,9336,9342,9344,9345,9347,9348,9364,9365,9367,9375,9377,9378,9379,9400,9401,9405,9406,9413,9414,9415,9416,9417,9421,9422,9424,9425,9426,9427,9428,9429,9430,9431,9432,9433,9434,9435,9436,9441,9447,9448,9451,9452,9453,9457,9458,9460,9461,9462,9463,9470,9471,9472,9474,9475,9477,9478,9487,9488,9492,9494,9500,9501,9507,9508,9509,9516,9517,9527,9528,9530,9533,9534,9535,9545,9549,9550,9552,9557,9565,9570,9580,9585,9593,9594,9600,9608,9623,9624,9625,9636,9637,9643,9653,9654,9656,9659,9664,9669,9673,9676,9677,9681,9682,9690,9693,9694,9695,9699,9701,9703,9704,9705,9715,9716,9717,9728,9730,9733,9736,9737,9738,9742,9743,9748,9750,9751,9752,9753,9754,9760,9767,9771,9772,9773,9797,9802,9803,9804,9805,9807,9808,9809,9810,9811,9813,9825,9826,9827,9837,9838,9839,9844,9845,9851,9852,9855,9859,9861,9862,9864,9865,9869,9872,9875,9876,9877,9879,9882,9883,9884,9885,9886,9887,9892,9897,9898,9899,9900,9901,9905,9907,9924,9926,9927,9932,9935,9936,9938,9941,9944,9947,9948,9960,9964,9972,9974,9982,9983,9984,9985,9986,9987,9988,9991,9995,9996,9999,10000,10009,10013,10016,10017,10020,10025,10026,10030,10036,10037,10045,10046,10048,10050,10056,10057,10058,10059,10064,10065,10071,10072,10081,10082,10083,10086,10092,10093,10096,10097,10101,10111,10112,10116,10122,10123,10124,10125,10126,10127,10154,10159,10160,10162
19	294,883,1619,1763,2161,2644,3362,3485,4356,4398,4401,4477,5189,5480,5482,5483,5707,5880,5967,6200,6411,6553,6592,6980,7453,7770,8322,8323,8685,9066,9728,9994
20	120,464,695,825,1012,1013,1138,1908,2096,2298,2317,2690,3560,3768,3778,4378,4929,5032,5277,5428,5462,5557,5634,5635,5637,5664,5948,5957,6311,6389,6524,6525,6526,6649,6660,6951,7189,7419,7468,7489,7494,7834,7937,8000,8020,8046,8077,8080,8081,8339,8406,8584,8741,8792,8923,8924,8928,9001,9356,9622,9860,9963
21	5656,5657,6043
22	101,516,693,994,1138,2229,2582,3219,3277,3624,5055,5056,6527,6565,6767,6833,7205,7220,7262,7483,7487,7649,8101,8491,8531,9090,9184,9281,9282,9283,9769,9955,9956,9957,10102
23	116,221,233,642,643,849,850,902,1185,1361,1692,1938,2125,2346,2347,2457,2468,2481,2482,2734,2807,3088,3284,3596,3694,3747,3748,3832,3968,3973,3976,4085,4086,4318,4471,4492,4540,5130,5243,5244,5317,5364,5445,5874,5876,6026,6790,7040,7144,7145,7147,7295,7348,7864,7865,8192,8239,8252,8280,8872,9072,9385,9386,9723,9848,10012,10032,10089,10113
24	332,6030,6031,8845,8846
25	1095,4413,5544,5545,6049,8346,8350
26	223,225,545,748,749,942,1035,1436,1437,1441,1443,1444,1467,1531,1584,1619,1627,1652,1778,1972,2123,2329,2331,2528,2544,2753,2769,2778,3016,3186,3210,3270,3273,3316,3454,3559,3612,3701,3821,3961,4044,4299,4306,4341,4355,4448,4498,4740,4741,4744,4854,4871,4881,4928,5041,5189,5281,5361,5386,5527,5639,5643,5646,5729,5817,5953,6010,6015,6074,6079,6098,6101,6102,6105,6109,6176,6291,6354,6466,6467,6476,6549,6613,6752,6777,6836,6837,6838,7087,7131,7133,7246,7687,7779,7806,7918,7945,8084,8130,8140,8225,8227,8228,8324,8465,8467,8468,8471,9195,9215,9303,9558,9604,9660,9701,9745
27	1,12,13,23,24,26,29,31,32,37,42,43,47,63,64,73,88,118,119,121,123,131,141,142,143,144,145,153,154,155,158,159,160,166,167,181,190,192,202,211,217,218,234,250,253,265,269,273,274,275,290,291,312,317,319,324,326,355,356,363,367,370,371,375,379,382,383,387,394,401,404,413,421,425,434,435,436,445,449,450,456,457,459,460,467,469,476,489,494,498,502,518,522,531,532,535,550,560,571,578,579,580,615,621,630,633,634,649,653,670,671,672,673,674,676,678,679,680,687,692,698,705,707,710,713,717,718,720,721,724,730,733,736,737,745,752,757,760,761,763,766,770,781,788,791,804,805,816,817,833,838,843,847,848,851,852,856,860,863,864,880,892,893,934,935,936,937,939,940,943,946,953,963,965,973,974,975,979,982,983,985,991,996,999,1001,1005,1016,1034,1039,1042,1047,1050,1053,1061,1064,1076,1081,1085,1088,1093,1099,1109,1122,1130,1132,1134,1138,1146,1150,1159,1177,1181,1187,1191,1195,1198,1199,1203,1208,1214,1215,1218,1223,1229,1230,1236,1237,1245,1247,1250,1251,1253,1259,1261,1263,1265,1269,1277,1279,1280,1281,1284,1292,1293,1294,1295,1296,1300,1301,1307,1314,1315,1316,1317,1325,1335,1340,1350,1353,1354,1356,1357,1373,1375,1377,1381,1386,1389,1390,1401,1404,1405,1406,1409,1410,1419,1447,1450,1461,1470,1485,1486,1487,1490,1491,1498,1504,1506,1518,1520,1521,1522,1526,1528,1543,1544,1545,1546,1549,1550,1555,1556,1559,1568,1571,1577,1581,1585,1589,1596,1597,1602,1604,1612,1613,1617,1619,1621,1625,1628,1631,1632,1633,1634,1636,1638,1640,1643,1646,1648,1664,1671,1672,1674,1680,1681,1683,1684,1688,1689,1693,1700,1708,1713,1715,1723,1727,1728,1735,1736,1746,1747,1748,1749,1769,1770,1774,1777,1781,1782,1790,1791,1793,1802,1805,1806,1812,1814,1820,1821,1824,1833,1837,1845,1859,1863,1869,1874,1885,1886,1894,1896,1897,1899,1906,1919,1922,1927,1935,1941,1945,1946,1947,1958,1963,1964,1965,1966,1976,1977,1979,1981,1983,1993,1995,2001,2002,2004,2006,2009,2016,2020,2022,2023,2030,2040,2057,2059,2067,2071,2073,2082,2095,2106,2109,2110,2113,2120,2121,2122,2123,2127,2128,2134,2137,2138,2140,2141,2149,2150,2159,2164,2166,2185,2192,2198,2200,2204,2211,2222,2230,2233,2238,2239,2240,2243,2244,2248,2251,2253,2255,2260,2264,2271,2279,2289,2292,2315,2318,2324,2329,2337,2338,2339,2348,2351,2352,2353,2354,2355,2356,2358,2360,2362,2373,2374,2375,2376,2377,2378,2380,2382,2383,2388,2394,2396,2403,2420,2430,2431,2434,2437,2440,2450,2455,2458,2461,2480,2486,2490,2506,2514,2517,2520,2533,2534,2536,2537,2540,2550,2553,2564,2569,2579,2585,2595,2597,2601,2605,2607,2616,2621,2650,2659,2673,2674,2680,2681,2684,2693,2696,2699,2707,2720,2726,2733,2738,2739,2740,2743,2754,2756,2767,2768,2771,2775,2777,2789,2810,2818,2822,2825,2827,2829,2832,2837,2839,2845,2848,2849,2855,2861,2867,2877,2878,2880,2882,2883,2887,2936,2942,2946,2948,2950,2954,2962,2966,2976,2978,2992,2998,3013,3026,3031,3032,3033,3038,3043,3057,3059,3060,3066,3067,3068,3077,3080,3081,3085,3086,3090,3091,3092,3096,3101,3102,3106,3109,3110,3117,3118,3119,3127,3131,3147,3148,3155,3160,3187,3189,3198,3201,3203,3209,3216,3217,3220,3221,3225,3230,3232,3237,3238,3242,3255,3262,3264,3266,3274,3284,3287,3295,3302,3306,3307,3316,3324,3326,3327,3328,3332,3340,3347,3357,3360,3364,3366,3367,3370,3376,3388,3393,3394,3400,3401,3408,3411,3416,3418,3429,3435,3439,3442,3443,3451,3465,3468,3484,3485,3487,3489,3496,3497,3512,3513,3514,3519,3525,3536,3542,3548,3550,3558,3567,3570,3573,3576,3577,3585,3590,3594,3596,3598,3599,3605,3613,3615,3616,3629,3630,3644,3647,3651,3654,3655,3656,3657,3663,3677,3690,3695,3704,3712,3713,3716,3718,3728,3731,3732,3739,3746,3750,3767,3769,3770,3771,3772,3773,3774,3776,3790,3792,3799,3804,3805,3815,3823,3832,3836,3845,3852,3857,3864,3866,3881,3886,3889,3890,3896,3902,3906,3907,3911,3912,3919,3921,3922,3932,3957,3960,3971,3974,3981,3982,3983,3992,4000,4011,4012,4013,4014,4020,4025,4026,4027,4029,4031,4033,4036,4038,4043,4047,4051,4055,4070,4072,4073,4075,4076,4102,4127,4129,4133,4134,4151,4161,4167,4168,4170,4171,4174,4180,4193,4197,4210,4211,4216,4224,4225,4230,4235,4237,4242,4251,4253,4255,4256,4257,4263,4264,4269,4273,4274,4276,4290,4293,4296,4298,4303,4305,4308,4309,4324,4325,4326,4327,4329,4338,4339,4349,4358,4364,4377,4381,4383,4393,4398,4401,4403,4408,4409,4415,4418,4419,4433,4437,4441,4442,4443,4451,4453,4455,4472,4473,4475,4483,4494,4497,4501,4502,4506,4507,4511,4520,4521,4528,4529,4531,4533,4540,4541,4542,4561,4562,4563,4564,4568,4569,4584,4585,4586,4596,4600,4602,4620,4623,4625,4626,4627,4634,4644,4655,4669,4670,4671,4672,4674,4675,4677,4678,4683,4684,4685,4690,4693,4695,4706,4707,4709,4710,4713,4715,4717,4724,4725,4727,4731,4735,4757,4760,4762,4763,4767,4774,4775,4776,4786,4796,4797,4798,4800,4801,4803,4816,4817,4818,4819,4828,4831,4840,4851,4852,4859,4861,4862,4877,4883,4884,4887,4888,4889,4899,4903,4913,4914,4916,4923,4925,4930,4931,4936,4937,4938,4947,4957,4958,4959,4963,4966,4990,4993,4995,4996,4998,5004,5006,5007,5018,5024,5034,5046,5059,5060,5069,5070,5071,5072,5085,5087,5092,5100,5101,5111,5114,5124,5125,5138,5140,5141,5142,5143,5149,5155,5158,5168,5186,5189,5193,5197,5203,5204,5206,5209,5210,5213,5214,5216,5224,5225,5233,5235,5236,5237,5250,5281,5282,5291,5295,5298,5300,5305,5311,5319,5324,5325,5326,5327,5331,5332,5334,5335,5339,5348,5351,5354,5358,5360,5362,5363,5365,5367,5368,5370,5375,5381,5385,5391,5394,5400,5401,5403,5406,5414,5417,5422,5424,5425,5426,5427,5440,5447,5449,5450,5453,5456,5458,5467,5473,5474,5478,5488,5497,5501,5504,5506,5507,5512,5513,5526,5529,5532,5535,5536,5542,5543,5550,5566,5571,5574,5576,5579,5585,5592,5597,5598,5600,5605,5608,5611,5616,5633,5638,5646,5648,5657,5668,5669,5673,5674,5681,5690,5701,5702,5704,5706,5707,5711,5715,5732,5734,5736,5738,5739,5749,5750,5752,5753,5754,5761,5764,5765,5767,5779,5790,5792,5794,5795,5798,5799,5802,5804,5811,5818,5827,5833,5838,5840,5844,5846,5848,5857,5858,5865,5871,5875,5879,5886,5887,5890,5892,5898,5904,5907,5908,5909,5910,5911,5915,5918,5923,5927,5930,5934,5939,5947,5956,5969,5982,5986,6001,6002,6008,6024,6025,6027,6032,6037,6039,6044,6051,6055,6065,6066,6079,6082,6092,6099,6100,6122,6133,6138,6151,6154,6155,6158,6162,6175,6181,6182,6185,6193,6196,6197,6201,6202,6204,6212,6215,6219,6224,6225,6228,6236,6238,6239,6249,6258,6286,6287,6292,6307,6312,6314,6315,6316,6317,6330,6334,6339,6341,6342,6345,6346,6351,6353,6362,6371,6376,6379,6382,6393,6401,6416,6420,6422,6438,6439,6452,6453,6457,6468,6474,6480,6481,6486,6487,6488,6489,6492,6506,6507,6520,6521,6523,6556,6561,6562,6563,6566,6567,6573,6575,6576,6583,6590,6591,6604,6614,6615,6618,6621,6628,6634,6646,6648,6651,6653,6660,6682,6687,6698,6710,6711,6713,6716,6718,6720,6725,6730,6732,6737,6738,6739,6745,6751,6754,6759,6761,6766,6770,6773,6800,6821,6824,6827,6843,6845,6864,6873,6880,6881,6882,6913,6914,6915,6918,6922,6926,6927,6928,6944,6958,6966,6972,6975,6981,6990,6992,7006,7013,7014,7027,7028,7034,7039,7042,7044,7047,7050,7055,7059,7067,7069,7072,7078,7079,7086,7088,7091,7093,7094,7095,7096,7104,7108,7109,7110,7111,7113,7119,7123,7128,7138,7139,7140,7142,7144,7146,7148,7149,7150,7152,7157,7158,7160,7173,7174,7178,7183,7186,7188,7191,7194,7196,7198,7207,7208,7209,7211,7217,7221,7225,7226,7229,7231,7236,7237,7242,7243,7248,7249,7267,7275,7280,7287,7293,7294,7300,7304,7307,7308,7311,7322,7324,7326,7333,7343,7345,7347,7351,7352,7360,7371,7385,7388,7394,7399,7422,7426,7431,7439,7455,7461,7463,7470,7476,7480,7485,7490,7498,7500,7503,7507,7514,7515,7528,7531,7535,7538,7542,7543,7544,7551,7555,7560,7574,7577,7578,7583,7587,7594,7603,7604,7607,7608,7614,7619,7620,7621,7623,7626,7632,7637,7644,7645,7648,7652,7661,7667,7674,7676,7678,7681,7683,7691,7696,7698,7699,7701,7707,7711,7716,7726,7744,7759,7760,7764,7766,7771,7773,7776,7777,7779,7782,7788,7790,7791,7802,7803,7805,7811,7819,7820,7830,7838,7842,7849,7855,7857,7858,7860,7869,7871,7872,7875,7877,7878,7883,7895,7899,7908,7913,7932,7936,7942,7944,7946,7948,7955,7956,7957,7965,7966,7967,7972,7973,8001,8007,8010,8012,8013,8038,8039,8042,8057,8068,8076,8078,8088,8089,8098,8099,8103,8104,8114,8117,8128,8134,8135,8136,8139,8154,8156,8159,8161,8168,8171,8177,8183,8184,8188,8189,8197,8200,8201,8202,8211,8212,8213,8216,8217,8230,8233,8241,8244,8246,8265,8271,8277,8278,8281,8283,8284,8285,8292,8294,8303,8305,8306,8312,8326,8331,8334,8340,8343,8349,8351,8355,8359,8364,8365,8375,8376,8386,8407,8410,8417,8419,8423,8427,8433,8436,8437,8457,8472,8487,8488,8490,8507,8511,8513,8518,8528,8529,8533,8537,8549,8553,8554,8558,8562,8566,8568,8577,8578,8579,8615,8620,8636,8638,8639,8640,8645,8647,8656,8676,8680,8682,8687,8690,8695,8705,8708,8709,8710,8711,8720,8721,8723,8747,8752,8759,8763,8766,8770,8771,8777,8789,8798,8799,8810,8817,8819,8825,8831,8835,8847,8850,8863,8869,8871,8874,8876,8881,8897,8909,8910,8913,8914,8919,8921,8925,8926,8927,8930,8931,8932,8939,8942,8953,8960,8961,8968,8970,8972,8975,8977,8979,8984,8985,8988,8989,8991,8999,9005,9009,9011,9033,9036,9044,9046,9047,9049,9064,9065,9069,9082,9083,9085,9089,9092,9107,9119,9134,9135,9136,9144,9146,9147,9150,9152,9163,9165,9166,9172,9174,9175,9179,9180,9189,9190,9191,9194,9202,9216,9229,9230,9232,9243,9245,9259,9262,9264,9277,9292,9293,9306,9314,9315,9323,9324,9325,9328,9339,9351,9352,9355,9357,9366,9368,9369,9372,9380,9382,9389,9398,9399,9403,9404,9406,9408,9412,9418,9419,9420,9423,9439,9444,9449,9450,9451,9455,9456,9459,9464,9483,9499,9504,9513,9514,9529,9532,9538,9543,9544,9553,9560,9577,9578,9579,9582,9583,9585,9586,9591,9598,9603,9604,9612,9617,9618,9621,9633,9641,9648,9651,9655,9661,9663,9666,9670,9688,9692,9695,9696,9711,9724,9729,9740,9749,9758,9759,9761,9762,9763,9764,9765,9775,9777,9786,9798,9799,9800,9801,9821,9824,9829,9840,9841,9842,9843,9847,9854,9856,9862,9871,9878,9881,9888,9889,9893,9894,9903,9906,9913,9920,9921,9925,9945,9946,9951,9952,9953,9964,9965,9979,9980,9981,9991,9992,9997,9998,10002,10018,10020,10021,10024,10035,10069,10071,10079,10085,10087,10091,10109,10110,10114,10117,10118,10129,10139,10148
28	303,359,360,826,1146,1309,1310,1387,2466,2737,3867,5825,6275,6277,6278,6280,6281,6282,6361,6508,6875,7082,7228,7316,7491,7642,7705,7900,7901,7902,7922,8299,8397,8446,9390,9486,9542,9780,10120
29	196,831,1903,2297,2599,3208,3557,3671,6327,6328,7457,8348,8350,8391,8918,8920,8994,9211,9270,9271,9290,9291,9445,10144
30	60,61,62,73,81,115,123,142,151,170,198,227,228,378,390,391,401,499,544,546,565,575,689,716,740,765,773,799,820,876,901,903,917,1015,1019,1072,1073,1074,1075,1100,1107,1131,1149,1151,1156,1172,1173,1174,1240,1241,1295,1303,1326,1382,1391,1394,1395,1397,1400,1411,1421,1422,1510,1600,1606,1612,1614,1659,1668,1675,1764,1784,1795,1826,1830,1862,1888,1901,1922,1926,1953,1960,1968,1997,2033,2034,2053,2076,2102,2124,2135,2183,2201,2203,2209,2286,2287,2300,2306,2307,2312,2335,2401,2451,2452,2465,2492,2515,2532,2563,2595,2604,2640,2641,2652,2657,2676,2681,2695,2706,2731,2732,2749,2757,2763,2766,2772,2792,2793,2906,2963,2968,2969,2970,2977,2984,2985,2988,3015,3027,3063,3098,3113,3138,3193,3194,3240,3251,3275,3278,3316,3349,3355,3356,3389,3390,3437,3449,3452,3481,3509,3510,3517,3539,3544,3545,3571,3583,3600,3619,3625,3706,3707,3740,3786,3811,3817,3819,3839,3924,3927,3931,3940,3955,3984,3995,4016,4017,4082,4087,4096,4157,4162,4165,4209,4220,4251,4254,4265,4313,4314,4320,4340,4348,4357,4388,4401,4422,4426,4433,4439,4502,4515,4534,4544,4545,4547,4565,4571,4576,4580,4594,4605,4614,4621,4632,4633,4640,4658,4721,4728,4773,4821,4849,4856,4864,4865,4879,4880,4895,4898,4902,4906,4909,4910,4911,4912,4917,4918,4921,4922,4924,4926,4938,4939,4941,4948,4958,4959,4968,4993,5002,5034,5117,5131,5136,5150,5183,5205,5206,5207,5222,5248,5249,5285,5286,5314,5327,5328,5329,5330,5336,5371,5414,5420,5469,5470,5484,5503,5554,5568,5579,5591,5609,5621,5630,5643,5651,5652,5663,5672,5685,5714,5748,5760,5762,5826,5834,5842,5843,5850,5852,5884,5896,5923,6019,6020,6051,6082,6117,6119,6120,6155,6165,6171,6265,6377,6378,6383,6384,6385,6386,6392,6400,6421,6470,6508,6509,6519,6552,6558,6569,6581,6629,6637,6639,6647,6657,6658,6665,6676,6677,6726,6727,6732,6735,6736,6740,6747,6781,6796,6797,6806,6808,6809,6834,6850,6874,6883,6903,6975,7016,7024,7073,7162,7175,7181,7193,7223,7241,7244,7245,7247,7273,7291,7368,7369,7372,7403,7407,7408,7432,7435,7445,7450,7452,7467,7525,7553,7554,7556,7566,7570,7621,7660,7686,7697,7775,7789,7796,7804,7831,7832,7835,7836,7862,7903,7911,7914,8010,8011,8025,8027,8047,8105,8166,8167,8168,8169,8170,8173,8185,8193,8206,8251,8261,8263,8264,8288,8335,8363,8375,8380,8395,8480,8481,8492,8505,8506,8568,8570,8581,8583,8689,8712,8719,8797,8800,8802,8809,8848,8876,8878,8922,8929,8934,9010,9057,9075,9093,9094,9109,9136,9140,9162,9164,9165,9182,9210,9212,9241,9244,9246,9302,9303,9338,9340,9341,9342,9343,9381,9418,9454,9493,9506,9512,9522,9575,9576,9602,9605,9620,9628,9631,9635,9638,9639,9640,9648,9658,9678,9695,9701,9725,9814,9828,9829,9836,9853,9877,9914,9959,9991,10038,10042,10043,10045,10055,10074,10106,10107,10108
31	132,316,321,454,645,741,1002,1059,1078,1426,1537,1895,1913,1914,2129,2147,2325,2400,3007,3027,3122,3124,3206,3207,3214,3215,3235,3450,3456,3476,3538,3753,3869,3989,4261,4635,4755,5188,5191,5309,5310,5522,5619,6372,6373,6607,6664,6684,6700,6749,6965,7003,7045,7092,7163,7164,7165,7166,7323,7685,7720,7735,7736,7737,7738,7739,7740,7826,7868,8310,8347,8397,8430,8727,8837,8916,8917,9065,9254,9255,9266,9406,9503,9683,9815,9874,9928,9958,9990,10044
32	1726,3708,4272,7338,7341
33	17,68,72,83,123,172,193,199,200,232,311,339,340,341,357,438,458,523,525,533,602,646,666,691,731,732,775,784,786,806,812,814,815,838,840,879,924,1008,1049,1138,1149,1234,1244,1260,1298,1306,1313,1352,1384,1393,1492,1493,1519,1533,1534,1541,1569,1587,1593,1615,1619,1660,1663,1716,1728,1783,1807,1825,1841,1848,1867,1884,1929,1945,1957,2048,2056,2058,2060,2061,2068,2083,2123,2170,2237,2256,2405,2462,2473,2516,2563,2570,2656,2672,2691,2702,2742,2803,2851,2852,2853,2866,2891,2900,2931,2982,2983,3010,3025,3030,3082,3166,3186,3260,3305,3316,3413,3426,3535,3543,3682,3725,3798,3806,3846,3870,3883,3905,3933,3948,3949,3951,3953,3985,3991,4018,4039,4041,4043,4064,4093,4136,4141,4270,4288,4364,4368,4424,4433,4477,4501,4554,4623,4643,4645,4661,4855,4894,4940,4944,4950,4958,4973,4976,5011,5086,5155,5187,5227,5284,5305,5476,5488,5501,5594,5595,5596,5612,5613,5668,5705,5758,5773,5828,5866,5867,5895,5896,5932,5968,5980,5996,6051,6082,6085,6141,6144,6145,6146,6147,6180,6188,6193,6197,6221,6256,6257,6259,6267,6395,6426,6427,6428,6449,6475,6529,6535,6536,6557,6567,6714,6729,6733,6819,6862,6882,6884,6885,6886,6888,6900,6907,6909,6910,6952,6969,7011,7018,7037,7048,7054,7056,7057,7081,7213,7254,7261,7289,7327,7359,7361,7362,7364,7365,7366,7388,7391,7419,7427,7437,7438,7440,7448,7456,7466,7504,7545,7581,7646,7651,7662,7663,7664,7665,7666,7668,7669,7675,7677,7765,7770,7818,7884,8002,8003,8004,8005,8141,8245,8261,8332,8357,8375,8424,8542,8573,8574,8757,8774,8786,8787,8814,8815,8816,8841,8848,8849,8873,8967,8969,8971,8973,8974,9000,9004,9066,9133,9153,9154,9159,9203,9209,9268,9273,9274,9301,9329,9331,9332,9333,9334,9335,9337,9406,9407,9418,9485,9493,9497,9573,9584,9595,9675,9695,9747,9788,9796,9812,9877,9923,9932,10003,10028,10045,10069,10119,10132,10133
34	66,73,174,185,188,215,292,295,368,369,400,439,455,501,511,526,532,543,570,572,577,592,593,599,735,742,827,839,888,988,1045,1242,1286,1297,1299,1318,1327,1332,1334,1338,1402,1403,1420,1451,1457,1468,1471,1499,1622,1669,1673,1932,1978,2035,2036,2037,2038,2039,2080,2081,2117,2118,2157,2210,2258,2259,2272,2305,2308,2326,2327,2425,2543,2567,2594,2595,2687,2698,2700,2701,2722,2782,2797,2808,2812,2816,2823,2824,2831,2840,2854,2885,2892,2922,2981,2986,2990,3045,3065,3112,3164,3167,3168,3176,3177,3178,3179,3180,3181,3187,3192,3195,3239,3287,3301,3340,3346,3382,3392,3432,3444,3448,3483,3560,3578,3579,3584,3645,3666,3692,3711,3752,3756,3763,3831,3840,3850,3898,3899,3930,3990,3994,4001,4089,4115,4188,4192,4267,4322,4323,4376,4400,4405,4406,4433,4450,4485,4486,4495,4496,4499,4502,4514,4522,4538,4551,4590,4595,4662,4771,4772,4804,4848,4905,4919,4932,4994,5037,5077,5126,5134,5161,5163,5405,5446,5498,5524,5604,5631,5654,5655,5668,5708,5710,5723,5731,5740,5756,5893,5914,5944,5965,5979,5993,6112,6116,6118,6148,6293,6294,6295,6296,6297,6298,6303,6347,6361,6390,6425,6502,6508,6516,6522,6548,6551,6574,6587,6610,6661,6721,6746,6785,6828,6835,6897,6942,6977,6989,6994,6996,7005,7060,7068,7070,7084,7144,7184,7227,7255,7375,7409,7447,7502,7582,7600,7602,7609,7610,7618,7650,7680,7700,7703,7717,7791,7823,7848,7873,7889,7890,7891,7924,7928,7929,8023,8024,8026,8096,8199,8251,8301,8358,8371,8426,8442,8443,8453,8597,8599,8611,8657,8661,8713,8755,8825,8829,8848,8861,8864,8891,8907,8915,8946,9035,9037,9047,9063,9070,9115,9171,9265,9276,9381,9392,9395,9479,9518,9562,9573,9596,9619,9657,9679,9695,9756,9817,9818,9819,9866,9873,9896,9899,9929,9930,10019,10029,10040,10049,10066,10077,10090,10161
35	1611,1785,3371,4104,4908,5786,7132,7349,7433,7934,7947,7950,8022,8819,9187
36	73,134,135,197,214,220,278,282,284,305,306,307,308,327,437,482,483,484,491,548,549,551,561,562,583,714,715,737,744,762,766,802,811,819,867,895,896,933,958,992,993,1006,1017,1018,1055,1061,1082,1152,1175,1176,1178,1235,1249,1262,1266,1337,1378,1383,1425,1435,1440,1453,1501,1548,1551,1576,1587,1592,1634,1639,1641,1642,1649,1651,1659,1660,1667,1694,1740,1758,1759,1760,1802,1809,1849,1892,1907,1934,1939,1940,1942,1943,1987,1999,2027,2054,2055,2086,2093,2107,2111,2114,2146,2148,2175,2176,2177,2200,2202,2254,2262,2263,2265,2282,2283,2296,2320,2321,2329,2334,2410,2426,2442,2447,2458,2472,2530,2551,2552,2571,2575,2580,2590,2619,2677,2697,2710,2713,2721,2798,2799,2817,2879,2905,2987,2991,2993,2994,3001,3003,3048,3078,3173,3182,3183,3184,3185,3188,3284,3335,3339,3344,3453,3479,3491,3494,3495,3551,3597,3618,3631,3632,3646,3669,3693,3696,3727,3744,3754,3828,3853,3883,3884,3893,3936,3942,3950,3952,3959,3965,3986,3996,4007,4008,4019,4023,4045,4048,4073,4110,4179,4181,4183,4208,4244,4271,4282,4283,4284,4317,4420,4465,4530,4604,4613,4619,4638,4642,4646,4665,4686,4732,4766,4767,4769,4770,4823,4839,4961,4974,4985,5093,5115,5155,5180,5189,5190,5237,5260,5383,5384,5437,5452,5465,5501,5505,5549,5579,5622,5657,5658,5689,5725,5811,5855,5872,5889,5900,5912,5913,5923,5998,6001,6014,6035,6038,6070,6072,6083,6095,6096,6103,6135,6141,6142,6149,6150,6157,6193,6198,6205,6235,6262,6264,6274,6306,6308,6381,6433,6473,6477,6482,6491,6510,6570,6575,6608,6609,6614,6645,6655,6685,6701,6702,6722,6742,6816,6839,6877,6889,6896,6955,6956,6967,7023,7049,7075,7086,7136,7137,7230,7270,7297,7319,7328,7388,7389,7393,7397,7400,7411,7412,7413,7436,7442,7444,7477,7478,7487,7539,7540,7552,7563,7583,7589,7625,7679,7708,7750,7761,7779,7876,7879,7892,7926,7931,7951,7952,7953,8083,8093,8253,8262,8266,8277,8282,8352,8375,8396,8414,8429,8439,8447,8448,8449,8530,8541,8761,8762,8775,8778,8877,8957,9003,9007,9041,9052,9081,9097,9098,9118,9141,9176,9206,9207,9260,9261,9285,9304,9311,9312,9313,9322,9341,9355,9409,9442,9476,9480,9481,9489,9490,9491,9493,9495,9496,9498,9518,9523,9524,9539,9540,9555,9571,9582,9645,9668,9674,9697,9719,9766,9778,9787,9846,9890,9891,9917,9932,9978,9991,10001,10006,10047,10080,10095,10146,10147,10149,10150,10151,10152,10156,10166
37	80,117,123,138,173,175,193,235,299,314,336,358,411,475,555,564,589,647,677,697,701,724,751,780,783,787,798,807,813,832,836,871,899,900,922,960,966,978,1009,1024,1025,1027,1028,1029,1031,1036,1037,1038,1041,1079,1177,1194,1249,1255,1264,1275,1293,1320,1394,1405,1407,1412,1413,1430,1433,1434,1438,1439,1442,1445,1469,1474,1489,1494,1502,1514,1515,1516,1587,1625,1629,1630,1648,1651,1659,1662,1703,1704,1715,1720,1731,1733,1741,1762,1765,1767,1779,1780,1811,1822,1823,1834,1835,1836,1838,1840,1846,1890,1910,1924,1984,2019,2021,2063,2065,2066,2070,2092,2115,2119,2123,2145,2167,2173,2189,2219,2227,2252,2266,2273,2288,2296,2301,2309,2310,2311,2314,2316,2323,2332,2336,2372,2393,2411,2412,2413,2414,2415,2421,2424,2429,2487,2513,2602,2618,2620,2639,2645,2646,2647,2680,2712,2714,2715,2716,2717,2719,2723,2734,2805,2811,2866,2881,2886,2890,2908,2930,2949,2952,2953,2999,3001,3008,3075,3076,3087,3094,3097,3099,3104,3126,3139,3155,3156,3157,3174,3191,3197,3199,3200,3237,3244,3284,3311,3336,3352,3359,3391,3408,3409,3472,3473,3474,3542,3586,3610,3653,3656,3664,3670,3687,3702,3726,3735,3736,3762,3765,3776,3783,3797,3800,3818,3829,3842,3883,3915,3916,3945,3964,3984,3987,3988,4013,4021,4024,4028,4030,4032,4035,4037,4054,4059,4077,4079,4080,4107,4122,4132,4154,4159,4176,4182,4185,4228,4236,4238,4247,4248,4249,4278,4285,4286,4291,4294,4333,4373,4382,4411,4412,4433,4444,4458,4474,4539,4564,4570,4572,4574,4606,4615,4616,4624,4638,4666,4673,4676,4679,4685,4729,4733,4747,4748,4749,4750,4751,4752,4809,4815,4824,4829,4841,4842,4859,4860,4869,4870,4873,4874,4876,4914,4937,4955,4956,4958,4959,4983,5001,5028,5034,5036,5080,5103,5104,5105,5106,5127,5145,5149,5151,5155,5174,5189,5191,5194,5206,5211,5217,5228,5229,5230,5231,5237,5268,5274,5275,5276,5277,5306,5332,5388,5407,5468,5486,5489,5490,5501,5520,5523,5531,5556,5586,5589,5590,5599,5686,5689,5694,5697,5707,5721,5741,5742,5747,5806,5811,5822,5837,5860,5894,5903,5932,5937,5951,5958,5981,5988,5994,5995,6001,6003,6006,6007,6008,6022,6042,6082,6084,6104,6110,6123,6127,6128,6166,6167,6189,6207,6211,6214,6225,6229,6234,6254,6263,6284,6288,6289,6324,6391,6394,6434,6436,6451,6483,6499,6538,6554,6555,6560,6561,6570,6580,6617,6619,6622,6623,6626,6630,6635,6636,6654,6660,6663,6672,6675,6678,6683,6723,6731,6783,6784,6789,6823,6825,6847,6848,6849,6863,6876,6895,6898,6909,6911,6912,6935,6950,6957,6975,6979,7002,7019,7020,7026,7043,7046,7053,7058,7061,7118,7144,7204,7210,7233,7234,7250,7251,7272,7277,7330,7353,7386,7391,7404,7405,7416,7419,7420,7425,7506,7530,7567,7593,7596,7617,7677,7721,7747,7752,7756,7757,7758,7759,7783,7785,7791,7807,7834,7840,7896,7905,7921,7933,7958,7959,7960,7961,7962,7963,7964,7968,7969,7970,7971,7974,7975,7976,7977,7979,7980,8040,8041,8044,8057,8059,8062,8063,8064,8079,8085,8086,8087,8091,8132,8152,8160,8165,8194,8221,8222,8251,8256,8268,8274,8308,8315,8333,8388,8393,8394,8444,8454,8455,8456,8458,8459,8460,8508,8544,8545,8562,8569,8590,8606,8614,8618,8643,8667,8668,8675,8683,8684,8714,8798,8819,8830,8832,8833,8834,8839,8870,8871,8875,8880,8911,8982,8993,9023,9028,9040,9091,9099,9102,9108,9124,9151,9196,9242,9249,9250,9251,9266,9267,9269,9278,9299,9317,9343,9350,9353,9370,9371,9373,9374,9380,9387,9411,9482,9548,9566,9567,9568,9574,9582,9588,9589,9590,9592,9601,9606,9616,9638,9672,9684,9695,9728,9734,9768,9849,9853,9870,9880,9964,9968,9973,9994,10031,10060,10158
38	70,82,84,123,452,463,567,595,596,597,617,622,625,626,654,793,801,818,918,1123,1137,1226,1227,1311,1587,1768,1839,1853,1882,1937,2123,2350,2357,2371,2421,2428,2456,2527,2598,2636,2748,2932,2945,3136,3464,3470,3471,3480,3485,3488,3522,3601,3685,3686,3733,3846,3865,3910,3984,4416,4425,4470,4492,4500,4534,4536,4537,4540,4548,4597,4601,4622,4742,4964,5019,5050,5137,5157,5189,5191,5212,5254,5263,5264,5265,5270,5404,5471,5488,5553,5558,5559,5560,5561,5856,5882,5923,5952,5966,6085,6121,6130,6169,6366,6388,6398,6456,6612,6697,6840,6955,7153,7180,7203,7259,7281,7320,7601,7627,7628,7629,7630,7647,7768,8006,8008,8009,8010,8195,8229,8251,8349,8357,8547,8552,8637,8673,8704,8706,8707,8754,8853,8910,8943,8952,9129,9168,9170,9225,9346,9468,9473,9487,9502,9520,9536,9587,9627,9667,9671,9726,9834,9835,9853,9961,9991,10041
39	283,552,636,637,972,1324,1542,1889,2228,2236,2313,2581,3056,3137,3461,3490,3729,3830,3883,4618,4982,5088,5159,5178,5629,6111,6114,6163,6164,6409,6410,6628,6633,6650,6820,6908,6995,6998,7025,7038,7909,7949,7998,8131,8132,8150,8302,8409,8440,8949,8954,8986,9200,9538,9554,10015
40	67,133,231,238,309,331,337,556,581,603,604,648,690,785,789,844,845,846,887,1032,1043,1081,1089,1111,1112,1205,1206,1249,1355,1427,1587,1593,1618,1619,1986,2072,2077,2079,2156,2242,2390,2634,2654,2723,2744,2893,3042,3116,3128,3236,3247,3283,3284,3408,3412,3425,3446,3462,3485,3691,3766,3882,3918,3962,4054,4060,4065,4071,4073,4084,4151,4153,4281,4434,4501,4504,4510,4540,4639,4641,4782,4850,4857,5000,5034,5038,5061,5201,5226,5289,5290,5392,5569,5610,5662,5811,5813,5823,5831,5841,5870,5964,6077,6078,6320,6458,6478,6479,6564,6625,6632,6640,6756,6760,6769,6791,6792,6844,6851,6866,6922,6972,6973,6974,6978,7041,7062,7107,7225,7239,7240,7377,7443,7489,7493,7731,7762,7763,7769,7779,7847,7954,8050,8051,8052,8053,8054,8094,8234,8250,8252,8427,8504,8525,8567,8576,8590,8628,8634,8635,8780,8784,8811,8838,8840,8848,8944,9002,9022,9025,9039,9042,9062,9076,9104,9363,9521,9695,9770,9806,9820,9831,9863,9970,9971,10069,10075,10076
41	123,124,129,219,226,315,335,514,515,576,774,877,1068,1147,1362,1463,1464,1465,1831,1853,1854,1902,1920,2483,2484,2485,2718,2720,2842,2939,3123,3186,3284,3286,3606,3607,3825,3827,4103,4159,4456,4469,4573,4711,4825,4833,4836,4837,4838,4844,4845,4846,4847,4858,4878,4960,5074,5129,5292,5293,5382,5580,5727,5811,5812,5936,6016,6051,6052,6082,6093,6579,6656,6703,6706,6707,6750,6829,7029,7030,7151,7595,7779,7780,8043,8045,8106,8107,8108,8109,8110,8111,8133,8157,8158,8470,9205,9505,9695,9696
42	73,75,103,104,105,106,109,111,112,113,128,130,140,204,236,280,281,284,293,296,297,318,320,388,403,448,465,474,477,488,507,513,638,652,688,694,706,756,759,842,870,875,897,904,968,980,981,995,998,1030,1044,1054,1056,1066,1069,1086,1090,1097,1106,1121,1139,1142,1143,1163,1188,1239,1243,1256,1283,1287,1330,1365,1408,1432,1458,1495,1511,1594,1619,1637,1644,1645,1647,1650,1657,1702,1722,1725,1729,1767,1775,1776,1880,1881,1946,1962,1966,2044,2091,2099,2154,2184,2187,2188,2194,2208,2253,2260,2267,2315,2333,2349,2421,2422,2449,2463,2495,2507,2508,2562,2563,2609,2642,2669,2670,2686,2736,2791,2809,2841,2884,2909,2941,2951,2956,2957,3022,3023,3061,3069,3083,3093,3186,3187,3211,3212,3268,3284,3317,3323,3343,3369,3372,3386,3402,3434,3455,3469,3478,3492,3511,3562,3661,3680,3699,3734,3743,3745,3758,3803,3888,3966,3974,3976,3993,4010,4108,4139,4164,4234,4260,4321,4362,4386,4395,4417,4423,4462,4464,4504,4527,4540,4543,4553,4588,4608,4611,4663,4664,4734,4783,4784,4789,4795,4964,4978,4991,5020,5021,5043,5079,5081,5089,5095,5098,5133,5144,5166,5206,5234,5238,5333,5376,5387,5402,5409,5423,5432,5438,5439,5445,5454,5455,5457,5530,5567,5620,5625,5692,5693,5695,5713,5718,5811,5883,5923,5949,5950,5963,5970,5971,5972,6054,6060,6061,6064,6073,6129,6131,6139,6152,6159,6194,6217,6220,6250,6319,6364,6418,6419,6430,6508,6513,6544,6547,6549,6559,6575,6616,6646,6696,6746,6782,6813,6852,6904,6905,6906,6939,6975,7008,7035,7101,7102,7112,7146,7218,7225,7274,7292,7337,7344,7354,7363,7379,7424,7451,7491,7494,7508,7511,7691,7709,7710,7724,7725,7727,7728,7729,7730,7732,7733,7734,7743,7760,7816,7817,7870,7874,7912,7925,8015,8016,8019,8049,8057,8112,8113,8115,8155,8164,8174,8175,8176,8191,8215,8270,8318,8320,8327,8367,8381,8384,8387,8389,8404,8432,8445,8469,8532,8548,8571,8617,8672,8691,8693,8699,8719,8733,8734,8765,8772,8773,8783,8785,8813,8820,8822,8828,8859,8895,8896,8940,8998,9008,9013,9024,9031,9034,9053,9073,9078,9132,9161,9213,9305,9355,9446,9515,9526,9609,9610,9611,9629,9662,9680,9695,9735,9795,9830,9853,9911,9912,9915,9940,9943,9948,9965,9966,9967,9989,10005,10094
43	328,524,782,1040,1067,1128,1634,2078,2199,2284,2313,2404,2568,3306,3440,3617,3688,3810,4962,4975,5221,5237,5435,5588,5976,6005,6333,6356,6704,6830,6832,6835,6865,7355,7760,8036,8037,8118,8119,8120,8121,8122,8123,8124,8125,8126,8219,8220,8336,8438,8484,8485,8659,8908,8933,9105,9341,9712,9713,9714,9820
44	1158
45	171,333,490,508,520,584,704,913,1141,1149,1182,1217,1329,1488,1714,1745,1750,1751,1752,1753,1754,1755,1756,1757,1810,1832,1853,1893,2017,2018,2024,2045,2046,2116,2285,2369,2510,2661,2678,2748,2924,3017,3064,3103,3175,3257,3321,3322,3380,3408,3430,3433,3503,3541,3673,3734,3859,3875,4062,4078,4128,4150,4243,4260,4300,4301,4432,4433,4575,4722,4737,4745,4777,4792,4793,4794,4914,4954,5027,5054,5062,5164,5165,5175,5176,5184,5305,5415,5521,5538,5644,5687,5689,5811,5820,5877,5945,5955,5987,5999,6000,6004,6011,6051,6168,6230,6357,6363,6431,6540,6699,6768,6794,6963,6970,7268,7269,7474,7525,7634,7748,7772,7785,7885,7886,7887,7888,7893,7898,7907,7910,7988,7989,7990,7991,7992,7993,7994,7995,8056,8090,8255,8257,8258,8312,8315,8341,8435,8567,8587,8589,8596,8598,8600,8603,8605,8622,8624,8626,8630,8632,8633,8658,8692,8703,8745,8746,8817,8830,8854,8904,8941,8990,9014,9018,9021,9038,9156,9221,9284,9320,9321,9563,9564,9642,9691,9727,9739,9746,9782,9783,9784,10100,10134,10164
46	310,392,393,395,919,1026,1040,1165,1207,1209,1210,1518,1599,1945,2088,2200,2914,3072,3073,3074,3187,3308,3325,3428,3645,3661,4637,5017,5574,5833,6023,6115,6183,6195,6197,6206,6454,6484,6490,6818,6986,7471,7472,7473,7475,7837,8253,8291,8293,8294,8295,8296,8297,8298,8608,8677,8876,9240,9304
47	2501,2502,5421
48	1500,2425,2555,2556,2557,2794,2995,2996,2997,3022,3222,3714,3801,3802,4346,4367,4435,5796,6064,6222,6223,7414,8218,8412,8413,9222,9223,9731,9732,10128,10130,10131
49	142,171,325,389,410,440,537,686,872,873,927,1238,1326,1540,1572,1851,1966,2025,2032,2090,2135,2172,2207,2225,2226,2435,2436,2496,2578,2671,2708,2934,3004,3052,3053,3054,3062,3249,3288,3537,3587,3603,3628,3652,3697,3715,3719,3755,3950,4043,4094,4131,4310,4421,4449,4467,4505,4589,4650,4652,5031,5157,5189,5528,5601,5602,5726,5733,5757,5759,6313,6584,6746,6815,7300,7759,8243,8369,8372,8463,8670,8758,8947,9123,9178,9181,9186,9327,9358,9359,9360,9361,9438,9741,9895,9954
50	73,136,186,330,381,664,954,1010,1126,1127,1136,1148,1290,1414,1459,1496,1624,1868,2052,2124,2158,2549,2758,2795,2850,3022,3151,3171,3501,3502,3622,3661,3737,3908,3909,3937,3938,3977,3978,4020,4068,4069,4353,4360,4401,4433,4550,4667,4687,4702,4726,4897,4920,5047,5048,5049,5283,5445,5496,5593,5615,5618,5730,5801,5811,5824,5829,5836,5888,6028,6076,6082,6124,6125,6126,6954,7063,7064,7065,7066,7120,7121,7122,7271,7288,7410,7550,7588,7597,7598,7599,7704,7755,7813,7814,7815,7943,8142,8143,8144,8145,8146,8147,8148,8149,8251,8309,8370,8418,8475,8477,8478,8479,8493,8563,8564,8629,8669,8740,8823,8945,8955,8956,9074,9300,9396,9397,9411,9519,9634,9690,9793,9867,9991,10007,10008,10010,10011,10063,10155
51	152,189,486,521,632,898,984,1020,1085,1194,1398,1415,1472,1532,1535,1599,1610,1623,1772,1909,2007,2126,2163,2165,2186,2235,2328,2361,2363,2364,2365,2366,2370,2408,2454,2635,2796,2806,2819,2874,2911,2989,3012,3042,3067,3248,3284,3291,3306,3363,3459,3626,3679,3683,3684,3795,3843,4200,4201,4208,4221,4379,4400,4481,4508,4598,4630,4723,4808,4863,4890,4964,5002,5429,5434,5501,5719,5724,5735,5940,6029,6498,6586,6589,6746,6753,6775,7007,7071,7074,7263,7529,7558,7657,7658,7689,7714,7784,7801,7894,7916,7917,7930,8097,8248,8275,8324,8371,8411,8473,8476,8642,8650,8700,8890,9060,9234,9236,9237,9376,9613,9630,9649,9650,9707,9708,9709,9710,9792,9902,9919,9991,10068,10105
52	145,187,487,1093,1113,1231,3100,3284,3678,4738,5189,5196,5238,5240,5448,6948,7653,7659,8855,8856,8860,9100,9272,9388,10137,10138
53	456,931,1567,1944,2049,4365,5195,5378,5379,5380,5785,6666,7464,7465,7919,8958,8959,9597,9794,9931,10078
54	5146,9199
55	339,582,665,717,2140,4012,4037,4776,5261,5427,5859,6224,6334,6439,6578,7093,8210,8556,8881,9207,9576
56	222,241,300,317,451,764,847,1070,1220,1233,1423,1518,1699,1721,1804,2084,2094,2151,2195,2196,2200,2295,2417,2548,2600,2745,2760,3029,3241,3252,3267,3385,3467,3590,3595,3602,3621,3656,3689,3835,3984,4043,4178,4222,4331,4343,4433,4454,4525,4526,4690,4896,5189,5218,5240,5393,5395,5412,5570,5579,5922,5973,6009,6017,6041,6059,6082,6227,6237,6558,6579,6665,6763,6882,7130,7150,7159,7182,7238,7290,7458,7489,7564,7586,7640,7719,7742,7779,8127,8252,8253,8287,8373,8377,8378,8551,8575,8582,8737,8738,8739,8817,8882,9114,9177,9217,9218,9219,9220,9381,9383,9384,9391,9437,9531,9561,9698,9785,9816,9939,9991,9994,10035,10051,10052
57	1278,1945,2008,3580,5299,6170,6181,8480,8481,8489,8565,8767,8768,9112,9231,9233,9235,9248
58	59,81,96,139,377,453,477,509,550,566,568,590,639,746,911,941,987,1098,1104,1171,1252,1321,1322,1360,1418,1627,1658,1660,1670,1767,1803,1916,1971,2000,2003,2149,2191,2278,2471,2479,2493,2542,2576,2577,2723,2844,2847,2875,2916,3169,3196,3297,3320,3341,3427,3560,3844,4105,4112,4196,4198,4385,4610,4612,4631,4639,4649,4654,4660,4810,4866,4909,4927,4979,4992,5107,5189,5281,5390,5481,5494,5588,5647,5755,5808,5816,5839,5845,5894,6067,6085,6136,6137,6172,6184,6244,6429,6562,6571,6572,6582,6627,6631,6671,6810,6839,6850,6955,6997,7031,7106,7192,7204,7239,7260,7388,7406,7430,7469,7491,7513,7548,7549,7605,7611,7613,7615,7624,7702,7801,7853,8055,8151,8153,8253,8314,8353,8399,8400,8401,8406,8474,8774,8802,8830,8876,9032,9045,9088,9092,9103,9106,9137,9160,9410,9465,9466,9581,9599,9646,9648,9722,9820,9822,9891,9898,10039
59	142,342,800,959,1102,1155,1616,1619,2269,2270,2416,2494,2828,2960,2961,3022,3250,3299,3310,3505,3703,4736,5084,5487,6455,6673,7017,7144,7146,7376,7383,7537,7643,7656,7688,8209,8540,8719,8906,9702,9706,9789,9832,10022,10023,10033,10053,10054,10061,10062,10103,10104,10157
60	442,1359,1895,2041,2097,2830,3851,4567,4827,5744,5745,5746,6669,6940,7606,7673,9061,9559,9857,9858,10140,10141,10142,10143
