district	schoolName
0	5261,5262
1	69,288,569,1063,1190,1449,1487,1612,1613,2839,3101,3361,3378,3611,3872,3881,4614,4689,5066,5849,6397,6412,6900,7833,8730,9011,9167,9872,10030
2	98,99,100,1358,4999,5992
3	1047
4	1965,4022,4239,4289,5838,5901,5902,8187,9447
5	134,1946,2383,2461,2585,2756,3479,3744,5855,5889,6150,9052,9496,9762,9846
6	165,166,1204,1982,2103,2921,5057,6603,9318,10135,10136
7	163,164,168,169,329,355,778,2459,2680,2894,3272,3284,3963,4328,5194,5774,6304,7635,7861,9015,9016,9896,9918
8	176,177,178,179,2043,5475,5636,6628
9	211,1109,1606,2870,3316,3408,3638,5614,5667,5698,6107,6951,7388,7516,7999,9936,10101
10	223,749,1627,2123,2528,3273,3316,4448,4498,6074,6613,6777,9558
11	241
12	290,291
13	299,1041,2122,4458,6196,8277
14	305,308,737,1453,2296,3173,3996,4420,9495,9539
15	317
16	321
17	63,130,296,488,870,1619,1880,1881,2463,4164,4588,4783,4789,5071,5081,5206,5455,5949,6547,6616,7508,7511,7874,7942,8896,9073,9943
18	338
19	232,339,340,341,523,525,1929,3186,4064,4855,4894,4940,5284,6267,6449,7081,7289,7818,7884,8774,8786,9004,9273,9406,9747,10133
20	8307
21	343,519,4262,4304,4305,4364,4366,7110,7149,7201,8857,8858
22	765,2676,3278,3437,3571,3740,3955,4426,4614,4721,5183,5248,5484,5554,5685,6665,6732,6883,7225,7273,7525,7775,7832,8708,8802,9829
23	378,716,1132,2201,2222,3510,4157,4502,4658,5150,5249,5503,6740,6806,8185,8505,8878,9639,9814
24	393,395,6484
25	456
26	462
27	460,461,2379,2387,2655,4046,4807,4972,5235,6891,6893,7093,7332,7351,8450,8451,9924
28	467,468,469,470,471,861,930,977,1096,1448,2223,2299,2397,2514,3316,3661,4360,4730,5239,5298,5684,6001,6230,6748,6953,7294,8859,9238
29	482,484,2375,3656,4023,5622,7086,7436,7625,8093,8414,8881,9442,10149
30	502,503,712,1340,3145,3202,4047,4106,4202,5307,7422,7555
31	505,1891,3351,7485,8808,9295
32	516,6833
33	541,2160,6976
34	545,8022
35	803,2732,3876,8375
36	636,637,3137,6111,6908,7949,7998,8132,8150,8752,8954
37	158,643,849,850,2845,6026,6027,7040,8280,9072
38	316,645,3007,7720,8430
39	217,685,1578,1679,1857,3190,3520,3521,3956,5302,5501,6193,6943,8349,8433,9413,9488,9621
40	698
41	914,915,1456,1497,1627,1761,1921,1933,1994,2190,2509,2519,2525,2867,3022,3276,3284,3316,3823,3958,4167,4175,4433,5118,5305,5811,6225,6243,6266,7021,7143,7356,7382,7779,8253,8357,8674,9614,9665,9701,9721,9937,9948
42	711,1587,1671,1672,2279,2855,2938,4445,4688,5606,6472,6662,7194,8127,8376,9169,9535,9648
43	715
44	717
45	718
46	727
47	730,731,732,733,1244,1587,3166,3951,4093,5968,6342,6395,7515,8847
48	736,6388
49	760,761,762,763,1223,1337,1589,1651,2146,3952,5115,6070,8429
50	6553,6592
51	769,771,2453,2674,4344,6529,8802,9144
52	785,3412
53	710,933,934,935,1713,3078,6477
54	809,810,6450,8028
55	17,438,812,814,815,1138,3543,4041,6882,8002,8798,9089,9153
56	838
57	847
58	4667,5836,8945
59	182,852,2113,2942,2978,3264,4296,4995,5779,7388,8472,8680,9065,9695
60	1587,1793,3247,6320,7377,7493,8094
61	860
62	872,873,1966,4467,5157,5733,5759,7711
63	8370,8740,10155
64	889,890,891,892,893,1743,2112,2866,3289,4163,4433,4540,4739,5078,5304,5539,5709,6807,7459,7460,7792,9087,9145,9298,9695,9904
65	904,1139,1725,4978,5530,6159,6418,6508,7102,7870,8381,8765,9161,9526
66	928,929,2777,3883,6143
67	936
68	937
69	2455,8988,9112
70	939,940
71	942
72	943,944
73	945,946,947
74	970,971,4138
75	370,2430,3489,3593,6506
76	877,3080,3081,9205
77	999
78	1013
79	237,534,1022,1661,3294,3519,3627,4351,4900,5295,6568,7394,7978,9565
80	1027,1028,1029,6436,7002
81	1036,1037,1038,2412
82	747,4352,5935,6268,7076
83	1071,2384,7507
84	546,1072,1073,1074,1075,5034,5657,6657,9914
85	122,1082,2689,3411,5281,5683,5728,7144,7350,7767,9909
86	1088
87	1104,6671
88	1111,5226,6922
89	1113
90	1001,1164,1302,1335,1700,6566,7637,7760,8386,9910
91	4573,6579
92	575,1173,1419,1675,3619,4377,5469
93	1085,1191,1195,1199,1200,1214,2260,3485,4166,4461,4543,5447,5506,6106,6719,7296,7347,7373,9049,9062,9065,9659,9932
94	1206,3284,4153,5189,5811,7779,9695
95	1218,1220,4454,6558,8770,9939
96	1228,2040,5897,6191
97	1229,1230,1500,7096
98	1236
99	2419,9110
100	337,2754,3085,3086,3766,5569,7107
101	475,678,996,1039,1264,1265,1704,2145,2714,2861,3174,3352,3702,4072,4373,4564,5149,5370,5486,5501,5879,6127,6284,7431,7626,8274,9582,9616
102	1276,1277,1278,1279,1284,1543,1544,6185,6186
103	1282,1285,3581,4441,6039,7360,7935,9402,9781
104	662,986,1288,1289,1619,2469,2910,4433,4692,5529,7741,9934
105	1304
106	1305
107	1306
108	950,1308,3318,3630
109	1309,1310,6875
110	694,3083,3093,7274,8176,8672
111	1339,1353
112	980,981,1357,1405,1406,1522,3211,3212,5457,5692,5693,6054,7760,7816,7817,8318,8320,9515
113	1054,1069,1330,2315,5095,7292,9830
114	1359,2041
115	227,228,565,773,903,1100,1303,1395,1397,1400,1401,1421,1510,1659,1830,1981,1997,2230,2324,2451,2452,3487,3836,4017,4533,4605,4640,4773,4911,4912,4924,4993,4996,5002,5591,5598,5621,6171,6377,6400,6558,6781,6809,6874,7078,7553,7554,7955,8025,8027,8335,9010,9109,9212,9506,9575,9576,9628,10038
116	117,119,1412,1413
117	677,1177,1275,1430,4159,4433,4679,5501,6843,7204,9387
118	1436,1437,1441,1442,1443,1444,9215
119	226,1362,1463,1464,1465,7595,8766
120	1485,1486,5592
121	392,394,5833
122	1505,1506,5237,6497
123	1518
124	279,1385,1386,1525,1526,1527,1528,1529,1530,1636,1728,2126,2127,4263,4264,4442,4443,5689,5690,6914,6915,7286,7287,7486,7490,7846,8655,8656,9443,9444
125	1542
126	577,1577,1821,2204,3567,5794,6452,6561,9990
127	3079,3885,5046,5139,6353,7346
128	802,1587,2107,2176,2177,2458,7877,7878,9355
129	955,1590,1596,2735,3518,3794,3864,3999,4392,4555,5811,6437,6999,7000,7059,7624,7641,7779,8951,9942
130	159,1587,7345,8732
131	1597,1598,2378,7094,8543
132	1174,1600,2233,3452,3539,5371,7452,8047
133	521,984,1472,1532,1599,1610,1623,2454,3795,4473,4890,5429,5467,5497,7007,7930,8407,9553,9666,9871
134	306,307,1638,1640,1641,1939,2992,5383,5384,6072,6701,7411,9408
135	327,1639,1642,1940,2993,6702,7412,9409
136	692,1100,1553,1701,3540,7854,8715,9695,9964
137	1708,6197
138	1735,1736
139	91,932,1000,1575,1665,1737,1738,1739,1801,2878,3044,4144,4292,5232,5278,5632,5682,5821,6305,6585,6975,7190,7809,8294,8325,8371,9888
140	220,437,1055,1176,1235,1266,1383,1659,1758,1759,1760,2093,2410,2447,2571,2580,2710,3495,3551,4019,4179,5140,5452,5505,5913,6381,6575,7393,7708,7761,7858,9645,10047
141	3060,5880,7770,8685,9994
142	1763
143	1778
144	235,564,783,1320,1502,1514,1779,1780,1846,2021,2421,2645,3099,3139,3765,3818,3922,3984,4077,4182,4616,4676,5028,5070,5127,5155,5277,5332,5686,5822,6122,6229,6683,6783,6911,6975,7543,7752,7756,7807,7921,8394,8817,9108,9353,9411,9482,9601,10031
145	1785
146	1790,1791
147	1659,1827,1828,1966,1998,2234,2776,6606,7943,8788,8876,9580
148	1868,4433,9690
149	313,1161,1167,1555,1574,1605,1833,1872,1873,1874,1875,1876,1877,1878,1879,1907,2028,2105,2543,2912,3084,3226,3306,3408,3431,3500,3659,4407,4433,4657,5155,5189,5578,5991,6193,6317,7119,7458,7462,7527,7677,7751,8375,8935,8976,9389,9556,9744,10073
150	1008,1259,1619,1884,1885,2030,2376,4529,4852,5004,5844,6201,6520,6614,6888,7072,8183,8223,9146,9352,9406,9790
151	449,1328,1732,1886,1887,3960,4223,4224,6314
152	1324,1889,5088,8131
153	1902
154	1913
155	1920,8157,8158
156	73,214,993,1941,1942,2022,2148,3494,3646,3647,4465,4646,5725,5912,7023,7461,7876,7879,8083,8436,8877,9005,9007,9285,9668,9697,9932,10069
157	1943
158	1945,5798,6197
159	1945
160	1947
161	1954,1955,1956,3477,4397
162	390,1189,1216,1489,1569,1617,1863,1989,1990,1993,1995,2268,2409,2446,2781,2866,2915,3237,3254,4679,5039,5305,5703,5781,5811,7370,7691,7779,7785,7808,9067,9095,9116,9441,9695,9855,9974
163	81,590,737,1602,1916,2001,2003,2200,2916,3560,4909,4979,5368,5494,5579,6371,7491,8253,8874,9088,9648,9722,9820,9821,9822,9891
164	114,1291,1586,1842,2012,2617,3172,4354,5533,8781
165	2013,5162
166	1085,2031,4492,4543,4761,5668
167	1944,5785,6666,9794,10078
168	1567,2049
169	646,879,1569,1615,1807,1825,2056,2057,2058,2059,2060,2061,2068,2516,2517,2563,2656,2742,2803,3186,3413,3485,3806,4043,4136,4433,4477,4502,4554,5086,5138,5187,5406,6426,6427,6428,6729,6733,6969,7254,7646,7677,7770,7791,8168,8375,8848,8975,9485,9504,9932,10069
170	2063,2065,2066,2067,2602,6876,8393
171	3022,4550,5049,5615,6082,7410,7550,7755,8955,8956,9074,9300,9634
172	753,869,2098,2200,3066,3728,4989,5003,5574,5885,5886,6507,7843,8380,8503,9183,10081
173	2175,5335,7413,9041
174	2179,2180,2181,2182,2755,2774,3095,4832,5223
175	73,998,1239,1729,1767,2188,2208,2349,2563,2609,3386,3803,4462,4504,4540,4828,5402,5567,6073,6152,6250,6319,7344,7925,8367,8691,9629,9680,9795,9915,9940
176	2195,2196,2760,3595,5412,6763,6882
177	2197,7587
178	2198,8355
179	60,1826,3275,4632,5609,8689
180	959,1619,2211,2269,2270,3250,3299,4736,5616,6455,6673,7017,7144,7376,7688
181	2301,2411,4291,5903,6167
182	589,1439,2314,2316,6617,7896,8880,9150
183	1517,2318,2820,9287
184	2319
185	912,2136,2322,4466,5739,6179,7109,8831
186	1628,2342,2343,7692,9381
187	180,286,1547,2340,3316,3864,4904,6153,6532,7141,7284,9004
188	2346,2347,2733,3832,8192
189	2363,2364,2365,2366
190	73,356,375,401,1470,1935,2380,2533,2564,3484,3497,3852,3974,4170,4273,4274,4383,4398,4401,4501,4511,4888,4889,5456,5715,6880,6881,7560,8278,8777,9049,9066
191	2417,4433,4501,8377,9698
192	2434,5732,5957,9356
193	389,1238,2435,2436,3715,5528,9186
194	902,1150,2480,2481,2482,9842
195	2490
196	167,1461,1950,2486,2499,2500,3381,3438,3723,4251,5142,6652,7275,7608,7616,8665,8852,9310,9673,9681,9948
197	455,459,757,2109,2129,3989,6661,7323,8397
198	399,808,2545,5770,6218,7855,9406
199	2085,2546,2547,2802,3303,3838,4350,4380,4513,6253,9382,9747
200	2548
201	2555
202	2556,2557
203	2559,2560,2561
204	222,2600,2601
205	103,293,403,477,687,1287,2616,2956,2957,3023,3187,4260,4395,4795,5021,5439,6220,6559,7039,7091,7101,8015,8016,8156,8387,8783,9912,10094
206	1609,2640,3022,3642,4084,4835,5034,5087,6236,6252,6628,6745,8214
207	1095
208	1945,2653,2913,3507,9099
209	2682,6741
210	719,2281,2373,2738,3823,3923,4137,4241,4693,5189,5607,5704,5811,8800,9695,9993
211	1674,2752
212	2750
213	2694,2749,4256,6576,7226,9294
214	1724,1850,1945,2071,3506,5091,6348,7248,8331,9081,9894,10085
215	553,2761,2762,3115,6194,7819,8496
216	967,2558,2773,2835,5499,6471,6474,7621,7654,7655,7859,8514,8666,9339
217	517,1579,2779,2780,7576
218	2790
219	439,526,543,572,742,1300,1318,1471,1673,2080,2259,2272,2687,2698,2812,2816,2823,2824,2825,2831,2840,3164,3167,3168,3239,3287,3840,3930,3994,4309,4322,4376,4406,4450,4499,4551,4590,4595,4662,4919,4994,5498,5654,5740,6112,7183,7184,7255,7447,7602,7700,7701,7848,7928,7929,8301,8713,8825,8907,9115,9174,9292,9381,10161
220	2826
221	292,295,2854
222	443,2871,2872,2873
223	218,898,1398,1772,2883,6438
224	1405,1407,2719,3157,4841,6003,6622,6623,6672,6950,7019,7020
225	310,1040,5017,6023,6818,6986,7473,7837,8297
226	2371,2767,2945,2946,3092,9587
227	807,899,1587,1835,1837,2019,2309,3094,3104,3542,3987,3988,4021,4638,4829,5189,5958,6008,6394,6451,6561,6730,7144,7330,7506,7596,7721,7805
228	1836,1838,2310,2311,2948,2949,2950,2952,2953,6731,8063,9382
229	2960,2961,2962,5487
230	1425,1491,1548,2263,2271,2619,2991,2994,3669,3986,4530,7049,8778,9003,9766,10006
231	214,1536,3006,3661,4914,9695,10018,10165
232	3027,3704,5522,6591,6664,6684,7583,9958
233	1256,1458,1549,1637,2495,3022,3478,4108,4386,4527,4663,5043,5950,6513,6544,7337,8389,9132
234	326,3029,7742,9994
235	3049,8330,9551,10163
236	410,440,537,686,1851,2032,2135,2172,2226,2496,2578,2671,3053,3054,3067,3652,3697,3755,4650,5031,5726,5757,6313,6584,6815,7300,7759,8243,8758,8759,9123,9741
237	1207,1208,1209,1210,3072,3073,3074,6195,6206
238	3076,4382,4876,5237,5523,5734,5937,8059,9921,9973
239	3075,4338,6615
240	2295,3090,3091,3306,3467,4343
241	4307
242	3120,3121
243	3127
244	7152
245	573,2770,3141,3142,3143,3144,3897
246	988,1420,2035,2036,2037,2038,2039,2885,3176,3177,3178,3179,3180,3181,3578,4772,5753,5965,6292,6303,6551,7070,7409,7528,7680,7873,8096,8861,9047,9573,9619,9657,9866,9953
247	197,282,284,819,958,1378,1659,1802,1805,2200,2254,2442,2472,3182,3183,3184,3185,3853,3950,3965,4638,4642,4665,5237,5260,5549,5579,6482,6570,6655,6896,7230,7442,7487,8253,8277,8352,8530,8541,8775,8957,9118,9555,9719,9787
248	3214
249	3216,3217
250	2229,3219,3220,6527,7487,9090
251	3225,3992,6215,8364
252	3228,6435,7492,8497,9117
253	3227,3229
254	2095,2102,3357,3517,5748,6379,6647,7175,8922,8929
255	3245,3246,4556,5537,5689
256	3284
257	105,1097,1408,1919,2044,3284,3369,4423,4784,4930,5360,5811,7379,7691,7730,7734,8164,8327,8719,8895,9609,10005
258	362,512,684,1103,1140,1249,1580,1794,2573,3213,3293,3313,3368,3523,3552,3871,4316,4349,4394,4487,4502,4509,4512,4532,4587,4599,5096,6012,6013,6017,6401,6546,6670,6968,7012,7713,8690,9086,9131,9362,9569,9674,9685,9697,9922,10115
259	1966,2187,3317,4139,5454,6061
260	3325
261	3327,3328
262	916,938,1416,2141,2684,4205,4710,6086,6358,7378,9547
263	127,157,160,432,591,681,683,696,966,1186,1187,1213,1319,1325,1481,1482,1568,1945,2026,2257,2292,2313,2389,2394,2643,2658,2679,2681,2685,2818,2930,2933,3024,3035,3133,3159,3218,3224,3316,3330,3360,3505,3776,3919,3975,4097,4133,4319,4345,4364,4433,4703,4704,4742,4756,4802,4822,4977,5045,5414,5541,5548,5653,5778,5793,5819,5935,6040,6160,6231,6448,6533,7080,7090,7095,7253,7322,7716,7749,7781,7842,7880,8189,8204,8253,8345,8431,8534,8660,8818,8830,8848,8961,8989,9064,9113,9238,9399,9440,9511,9541,9718,9728,9991,10002,10027,10034,10114
264	1945,2424,2903,3348,7329
265	81,820,1960,2209,3113,3585,3995,4913,4926,5579,6392,6738,6834,7450,7570,7686,7759,8835,9343,10045
266	1172,3355,3356,4856,4895,4906,8481,8809,9210
267	3065,4932,5604,7650,7703,9395,9479
268	2981,3382,5161
269	62,142,153,170,1015,1131,1149,1240,1862,2465,2537,2563,2595,2706,2906,2936,2984,2988,3027,3098,3389,3390,3449,3509,4087,4340,4388,4401,4534,4544,4580,4888,4941,5117,5136,5222,5336,5403,5420,5542,5630,5672,5884,6026,6155,6378,6637,6850,6975,7016,7247,7343,7403,7660,7831,8168,8173,8645,8682,8817,8848,9075,9631,10043
270	3408
271	973,2862,3416,4062,6113,7542,8089,8977,9900
272	1165,1599,3428,3645,6183,8296
273	3447
274	3501,3502
275	474,1143,1776,2536,2775,2809,3511,3512,3513,3514,3542,4991,5438,6217,7743,8469,8532
276	73,396,701,879,1612,1864,1925,1951,2142,2220,2554,2801,3546,3556,3975,4167,4492,4534,4540,4843,5666,6082,6178,6822,7342,7824,9050,9062,9065,9406,9472,10071
277	2178,3547,3572,4853,8092,8236,8655,8853,9859,9947
278	3553,8756,9632,9916
279	3554
280	3576,7191
281	3582,8863
282	7157
283	1375,3946,8010,9172,9173
284	9728
285	1068,2720,2842,3186,3605,4103,4327,4677,4878,5074,6193
286	3068,3612,3613,4854,8471
287	3661
288	831,3671,5453,5605
289	3067,3658,3700,3702,4172,5121,5807,7170,7171,7358,9354,9615
290	1619,5729,6549,9604
291	3714
292	2967,3717,5811,8879,9991
293	1662,2618,2716,2717,2734,2811,3197,3199,3656,3726,3945,6084,6175,8160,8667,8668,9350,9768
294	4711,5727
295	3737
296	3746,3747,3748,7145,7147,7764
297	707,975,1295,1554,2338,3055,3532,3651,3681,3757,4826,4886,5010,5332,5333,5379,5392,5891,6317,6387,6734,6878,6882,7318,8380,8549,8550,8830,8978,9351,9367,9379,9730,9946,9960,10013,10082
298	2829,3775,3776,3777
299	3485,3776,3789,3790,4429,4503,4592,5085,5189,5704,6051,7779,10070
300	2593,3787,3788,3791,3792,3793,8359
301	3801
302	3804,3805
303	3857
304	1166,3886,3887,4425,4820,7256,7384,9690,10110,10162
305	466,1048,1080,1086,1194,1625,1723,2610,2666,2667,2800,3067,3071,3524,3591,3822,3894,3895,4040,4245,4814,5064,5308,5323,5712,6210,6890,6951,7881,8190,8390,8538,8555,8717,8744,8751,8991,9185,9279,10024
306	3151,3906,3907,3908,3909,5593
307	3920,3971
308	3942,7679
309	83,200,602,775,1541,2253,2405,3082,3347,3832,3932,3948,3949,4235,4368,5233,5827,7388,7438,8921,9355,9796,9812,9877,10003
310	3997,3998
311	1390,1440,1551,2086,2202,2998,4007,4008,4110,4600,4638,4770,4823,5180,5579,5887,5900,5998,6035,6563,7400,8763,9141
312	4012,4013,4014
313	2156,6458,8504,9770
314	1938,2807,4085,4086,4318
315	1280,1281,1611,3371,4102,4104,4908,5786,7349,7433,8819
316	2880,4125,4126
317	4159,6082,9505
318	4174
319	453,568,1670,2576,3297,4112,4197,4631,6975,7549,8802
320	2408,2874,3248,4200,4201
321	2711,6493,6494,6495
322	151,2985,4220,4320,4515,4547,4594,4735,7372,7883
323	1888,2681,3240,4209,5643,6629,9412,9828
324	4227
325	4237
326	868,3271,4246,4252,8905
327	4254
328	417,882,926,1581,1742,1813,1883,2171,3261,3623,4043,4194,4229,4230,4279,4280,4682,4899,6050,6156,6577,9682,9886,9887,10083
329	4453
330	198,799,1019,1156,1394,1922,2124,2183,2203,2300,2604,2652,2732,3706,4313,4314,4439,4958,5834,6508,6509,6552,7181,7241,7245,7432,8169,8380,8506,8570,8712,8719,9241,9302,9303,9454,9602,9836,9853,10042,10043
331	4369
332	4409
333	3687,4411,4412,6560
334	463,880,2242,3116,3283,3393,3446,3485,4425,4501,5610,5662,6130,8848,9062,9076,9129,9820,10069
335	143,4434,6632,8784,9002,9085,9831
336	1466,4558,7744,9969
337	2413,4624,4625,4627
338	4626,7470
339	141,1352,3535,3655,4255,4270,4643,4644,4645,5980,5996,6008,6529,7011,7037,7048,7860,8423,8687,8709,8819,9209,9418,9788
340	4438
341	2663,4680,4681,6203,7681
342	120,464
343	4702
344	299,456,2221,4705,4942,7033
345	2914,3604,4706,4707,4708,8789
346	699,3724,4656,4713,4714,4715,9393,9686,9687,9774,10035
347	644,660,1973,8098,8385,9394
348	6465
349	582,700,1570,2612,3187,3341,3596,4046,4260,5157,5983,6457,6528,7584,7718,7867,8281,8502,8702,9101,9572,9607,9767
350	4716
351	4717
352	745,4723,4724
353	1652,2329,4740,7087,8130
354	64,1808,3445,4433,4668,5189,5800,6190,6728,7496,7497,8312,8383,9071,9695
355	4342,4757,4759,4760
356	4758
357	7357,7779
358	4764,4765
359	4763,4803,5918
360	6759,9202
361	4808
362	6653
363	1211,1424,2623,4053,4819,5416,5417,7219
364	4833,4834,6879,6931
365	9188
366	499,2740,4253,4910,4998,5007,8375,9648,9701
367	4857,7062
368	679,680,720,721,1494,3156,4054,4683,4684,4685,4869,4870,4873,4883,4884,5103,5274,5275,5741,6249,6254,6499,6979,7419,7420,7757,8210,8212,8871
369	1222,3804,4914,5466,8572,8652
370	2763,4917,4918,9093,9094,9136
371	4928
372	4929,8000
373	1847
374	4935
375	1384,2083,2256,2462,2595,2851,2852,2853,3905,4424,4674,4950,4957,5440,5476,6770,7361,7545,7770,8873,8974,9000,9243,9889,9913,10028
376	161,948,4947,6224,8351,8528,8529,8919
377	1844,4951,4952,4953,6299,9006
378	2460
379	2999,4955,4956,4958,4959,5104,5217,6289,7652,7677,9102,10020
380	324,918,4966,6182,8229,9881
381	213,4967,6197,6269
382	348,2162,2385,2418,2603,2748,2904,3358,4240,4361,4480,4602,4971,5169,5189,5202,5203,5657,6082,6273,6367,7156,8347,8812,9805
383	2096,3768,6311
384	4850,5000
385	154,216,574,779,1232,1270,4269,5008,5215,5443,5659,7838,8764,9862,10093
386	5012
387	5015
388	2002,5023,5024
389	0,1,2,3,4,5,6,7,8,9,10,11,12,13,14,15,16,18,19,20,21,22,23,24,25,26,27,28,29,30,31,32,33,34,35,36,37,38,39,40,41,42,43,44,45,46,47,49,50,51,52,53,54,55,56,57,77,85,88,89,126,137,149,156,184,190,191,194,206,207,243,247,249,259,267,272,274,275,276,302,304,346,349,350,352,354,373,374,383,386,397,406,409,412,418,428,431,433,445,446,472,473,478,480,493,496,497,510,528,531,538,539,560,588,606,611,613,616,627,628,641,651,668,702,709,723,725,728,734,739,755,758,767,770,797,817,821,822,834,848,854,855,857,859,862,864,866,885,909,923,949,963,965,990,1003,1021,1052,1058,1060,1064,1076,1084,1091,1092,1101,1105,1114,1117,1118,1120,1124,1133,1135,1154,1157,1158,1160,1169,1170,1192,1196,1198,1215,1219,1224,1237,1247,1248,1258,1268,1272,1274,1316,1317,1333,1342,1344,1348,1350,1364,1366,1367,1370,1371,1374,1380,1399,1429,1431,1452,1455,1462,1475,1476,1478,1483,1490,1507,1508,1513,1521,1539,1558,1561,1563,1565,1582,1585,1595,1608,1620,1632,1654,1666,1676,1691,1696,1698,1705,1706,1710,1712,1718,1719,1746,1747,1748,1786,1789,1799,1800,1816,1818,1820,1843,1852,1855,1856,1858,1866,1897,1899,1905,1912,1931,1949,1952,1961,1963,1964,1970,1975,1991,1992,2050,2087,2101,2130,2133,2134,2138,2139,2150,2168,2193,2216,2217,2232,2239,2244,2247,2250,2274,2277,2290,2304,2330,2345,2362,2368,2391,2433,2437,2438,2439,2441,2444,2475,2477,2504,2512,2522,2538,2539,2541,2565,2586,2589,2605,2621,2622,2626,2627,2629,2631,2637,2649,2650,2664,2665,2683,2705,2728,2730,2747,2764,2783,2784,2787,2788,2804,2813,2815,2832,2834,2857,2860,2863,2868,2888,2898,2901,2944,2958,2965,2971,2972,2973,2974,2975,2980,3002,3009,3018,3021,3032,3033,3036,3037,3040,3041,3047,3051,3089,3117,3119,3135,3150,3152,3154,3161,3162,3170,3223,3233,3253,3255,3263,3281,3282,3285,3290,3314,3315,3319,3333,3334,3337,3345,3350,3354,3367,3375,3377,3387,3394,3395,3397,3399,3403,3406,3407,3410,3415,3418,3420,3421,3422,3423,3439,3457,3466,3499,3525,3527,3528,3529,3530,3533,3549,3561,3569,3570,3574,3609,3633,3635,3637,3641,3643,3649,3660,3662,3665,3667,3674,3675,3677,3716,3721,3722,3742,3760,3761,3764,3769,3772,3780,3782,3785,3807,3809,3812,3813,3815,3824,3833,3834,3847,3855,3856,3861,3863,3873,3879,3880,3892,3901,3913,3929,3944,3967,4004,4006,4050,4052,4056,4057,4063,4066,4074,4091,4092,4099,4111,4114,4116,4118,4121,4123,4124,4147,4148,4149,4152,4158,4161,4169,4189,4190,4207,4211,4213,4214,4216,4217,4226,4257,4259,4315,4332,4335,4370,4372,4391,4404,4427,4431,4457,4479,4507,4519,4546,4559,4563,4566,4568,4581,4582,4583,4617,4629,4647,4691,4694,4695,4697,4700,4701,4719,4743,4746,4753,4768,4781,4801,4805,4811,4813,4831,4892,4915,4946,4970,4981,4984,4986,4988,5013,5016,5026,5033,5035,5044,5052,5053,5058,5063,5068,5082,5083,5090,5094,5097,5100,5101,5128,5141,5148,5156,5170,5177,5182,5245,5250,5251,5252,5253,5256,5259,5266,5267,5271,5272,5280,5287,5294,5316,5320,5325,5338,5342,5344,5346,5351,5352,5353,5355,5356,5374,5397,5398,5418,5419,5424,5426,5441,5474,5477,5485,5491,5502,5511,5513,5515,5518,5525,5534,5547,5551,5563,5565,5583,5584,5587,5624,5641,5642,5649,5650,5660,5671,5676,5678,5680,5681,5696,5699,5720,5722,5750,5764,5766,5767,5775,5783,5784,5787,5788,5789,5790,5791,5853,5858,5869,5871,5878,5905,5906,5908,5910,5916,5919,5921,5924,5925,5926,5927,5934,5938,5942,5943,5959,5960,5962,5989,5990,6046,6047,6048,6058,6063,6069,6080,6081,6100,6154,6173,6174,6177,6192,6199,6233,6238,6240,6241,6245,6246,6247,6272,6276,6285,6301,6302,6322,6323,6329,6332,6338,6352,6359,6360,6374,6380,6399,6402,6413,6414,6416,6417,6423,6441,6442,6443,6444,6459,6460,6462,6464,6487,6489,6501,6504,6505,6514,6515,6531,6537,6542,6624,6643,6668,6681,6709,6712,6743,6744,6772,6778,6780,6787,6799,6801,6805,6811,6827,6842,6853,6854,6856,6858,6859,6860,6873,6899,6902,6921,6924,6928,6947,6949,6959,6960,6962,6971,6984,6987,6993,7015,7027,7036,7051,7052,7125,7127,7129,7140,7169,7172,7174,7176,7179,7199,7207,7209,7212,7216,7232,7235,7237,7265,7266,7279,7301,7315,7333,7334,7340,7381,7387,7392,7396,7402,7417,7449,7495,7519,7521,7522,7526,7547,7559,7561,7568,7590,7591,7592,7622,7638,7671,7690,7695,7699,7712,7722,7745,7753,7776,7778,7782,7786,7793,7797,7799,7821,7822,7828,7829,7841,7851,7857,7871,7923,7940,7941,7981,7983,7985,7986,7997,8017,8058,8060,8065,8066,8067,8069,8070,8071,8072,8074,8076,8095,8137,8163,8172,8178,8180,8201,8205,8231,8238,8242,8249,8259,8290,8304,8305,8311,8316,8319,8329,8338,8361,8362,8374,8403,8462,8486,8487,8495,8499,8500,8510,8515,8516,8517,8518,8519,8520,8521,8522,8523,8524,8526,8536,8636,8638,8646,8649,8654,8662,8663,8688,8694,8720,8723,8726,8729,8735,8749,8750,8791,8795,8796,8803,8805,8807,8826,8842,8844,8862,8887,8889,8892,8894,8899,8901,8903,8913,8931,8937,8953,8964,8965,8966,8983,8997,9059,9068,9083,9120,9121,9125,9126,9139,9143,9158,9190,9197,9198,9204,9214,9226,9252,9280,9288,9309,9326,9347,9365,9366,9378,9400,9401,9405,9420,9422,9424,9425,9427,9429,9431,9433,9435,9436,9448,9449,9453,9457,9458,9459,9460,9461,9463,9471,9475,9478,9494,9501,9527,9530,9534,9544,9550,9552,9579,9594,9624,9625,9637,9655,9656,9677,9694,9703,9705,9711,9717,9729,9733,9737,9738,9742,9752,9754,9771,9772,9797,9799,9800,9801,9803,9808,9810,9813,9825,9826,9827,9837,9839,9845,9852,9861,9864,9882,9884,9905,9927,9972,9979,9981,9982,9984,9986,9988,9995,9996,9998,10000,10017,10025,10037,10046,10048,10056,10058,10065,10086,10097,10111,10116,10118,10122,10123,10125,10126,10160
390	952,2918,3038,4415,4803,5431,5668,9899,9907,9920
391	5055,5056
392	5059
393	5060
394	5105,5106,6104,6225,7933,8057,9590
395	1097,1792,5108,5111,5160,5833,6814
396	4410,5109,5110
397	1184,1603,1604,2440,3107,5113,5114,6033
398	5146
399	3307,3985,4260,4877,5153,5157
400	1137,1839,1937,2456,4536,4537,4548,5191,5471,8357,8754,9225,9520
401	5212,5213,5214
402	1261,4433,4525,4690,5218,7458
403	5220
404	2144,4447,4933,4949,4958,4959,6861,8748,9945
405	2199,2313,3688,5237,6618,8336,8553,9105
406	5238,5240,5448,9388
407	323,402,554,557,2337,2611,2876,3639,4363,4468,4636,5051,5120,5241,5242,5743,7421,8830,9537,9933
408	1361,5244,8239,10089
409	452,596,597,625,634,801,818,1768,1824,1882,2123,2357,2827,2837,2932,3468,3485,3984,4470,4540,4622,4964,5050,5137,5157,5254,5263,5264,5265,5270,5553,5923,5966,6138,6612,6966,7180,7203,7619,7768,8853,9119,9487,9536,9627,9853,10041
410	5273
411	576,1177,1251,1831,2149,2718,4833,4858,5129,5292,5293,5365,5576,5580,5701,5936,6016,9439
412	5247,5296,5297,8342
413	127,333,670,722,766,795,920,921,966,975,1007,1144,1149,1183,1194,1201,1251,1292,1323,1447,1489,1715,1845,1853,1915,2174,2470,2680,2692,2843,2869,2940,3005,3146,3280,3316,3384,3608,3661,3779,3860,3935,3954,4002,4122,4155,4195,4199,4295,4436,4452,4464,4488,4577,4578,4579,4720,4742,4914,4963,4965,5189,5209,5219,5305,5367,5414,5472,5488,5555,5688,5811,5961,6053,6232,6283,6375,6762,6817,7202,7213,7252,7285,7505,7514,7589,7715,7754,8235,8382,8441,8647,8686,8693,9111,9247,9728,9877,9901,9992
414	3284,3753,5309,5310,7045,7163
415	3251,4348,4357,5327,5328,6569,7556,7836,8288
416	284,513,2099,3401,3492,5423,6549,8140,8571
417	413,594,620,1591,2624,2919,2920,3614,3903,4298,4419,4800,4830,4907,5347,6396,6641,6717,6841,7088,7512,8466,9807
418	841,5185
419	78,79,87,90,92,93,94,95,102,148,162,183,192,195,201,203,205,208,209,242,244,246,248,250,251,252,253,254,255,256,257,258,260,261,262,263,264,265,266,268,269,270,271,273,301,305,347,351,353,372,382,385,398,400,405,408,414,415,416,419,420,421,422,423,424,425,426,427,429,430,436,444,447,476,479,481,492,495,527,532,540,559,578,579,587,600,607,608,610,612,614,615,621,629,630,640,650,656,657,658,661,667,669,703,708,726,729,738,768,772,796,816,823,835,853,856,858,863,865,874,878,881,884,886,905,906,908,925,962,964,1004,1023,1051,1053,1057,1065,1077,1083,1087,1093,1108,1115,1116,1119,1125,1134,1153,1162,1168,1193,1221,1225,1246,1257,1267,1271,1273,1315,1331,1341,1343,1345,1346,1347,1349,1363,1368,1369,1372,1373,1376,1396,1428,1454,1460,1477,1479,1480,1484,1509,1512,1520,1538,1545,1546,1557,1559,1560,1562,1564,1566,1573,1583,1588,1607,1629,1630,1631,1633,1653,1655,1665,1678,1682,1683,1686,1690,1697,1707,1709,1711,1717,1730,1734,1749,1766,1773,1774,1785,1787,1796,1797,1798,1812,1814,1815,1817,1860,1865,1896,1900,1904,1911,1918,1928,1948,1959,1974,1980,1988,2014,2015,2016,2051,2100,2131,2132,2137,2152,2169,2218,2238,2243,2245,2246,2249,2261,2264,2276,2291,2303,2344,2367,2407,2423,2427,2432,2440,2443,2445,2474,2476,2503,2511,2521,2523,2524,2526,2529,2531,2534,2535,2566,2574,2587,2588,2591,2606,2625,2628,2630,2638,2648,2704,2709,2727,2729,2746,2765,2785,2786,2814,2833,2838,2856,2859,2865,2889,2897,2902,2907,2917,2925,2926,2927,2928,2935,2937,2943,2959,2964,2976,2979,3000,3014,3019,3020,3028,3031,3034,3039,3046,3050,3088,3105,3108,3109,3110,3111,3118,3129,3130,3131,3132,3134,3148,3149,3153,3158,3163,3165,3203,3231,3232,3234,3242,3243,3256,3258,3262,3269,3279,3292,3332,3338,3353,3374,3388,3396,3398,3404,3414,3417,3419,3424,3441,3458,3460,3463,3475,3482,3486,3493,3498,3508,3515,3516,3526,3531,3534,3548,3555,3560,3563,3564,3565,3575,3634,3636,3640,3648,3668,3676,3718,3720,3730,3741,3759,3770,3773,3781,3784,3808,3814,3816,3826,3832,3837,3845,3848,3849,3858,3862,3874,3878,3891,3900,3928,3943,3957,3970,4003,4005,4034,4049,4058,4061,4067,4073,4090,4098,4113,4117,4119,4120,4145,4146,4156,4160,4168,4191,4193,4203,4204,4206,4210,4215,4218,4219,4231,4232,4233,4256,4258,4276,4277,4302,4331,4334,4336,4337,4358,4359,4371,4374,4389,4390,4399,4402,4414,4430,4460,4476,4482,4489,4491,4493,4502,4516,4518,4524,4535,4549,4560,4562,4591,4593,4628,4648,4698,4699,4718,4754,4767,4774,4775,4779,4780,4785,4786,4788,4790,4791,4796,4797,4799,4806,4812,4891,4916,4945,4969,4980,4985,4987,5009,5014,5025,5067,5099,5102,5112,5119,5147,5152,5154,5171,5179,5181,5198,5199,5200,5255,5257,5269,5281,5288,5315,5318,5321,5326,5337,5339,5341,5343,5345,5348,5349,5350,5354,5357,5358,5373,5375,5399,5411,5425,5433,5473,5488,5500,5508,5509,5510,5512,5514,5516,5517,5519,5526,5535,5546,5552,5562,5564,5582,5588,5617,5623,5640,5661,5670,5677,5679,5700,5704,5721,5737,5751,5752,5763,5768,5776,5777,5782,5810,5851,5857,5868,5904,5907,5911,5915,5917,5920,5923,5928,5929,5941,5991,5997,6045,6057,6062,6068,6087,6099,6155,6162,6213,6216,6226,6239,6242,6248,6270,6271,6279,6287,6300,6321,6326,6331,6335,6336,6339,6344,6349,6350,6351,6365,6373,6403,6404,6405,6406,6407,6408,6415,6424,6440,6445,6461,6463,6486,6488,6500,6503,6517,6530,6534,6543,6620,6642,6667,6674,6682,6686,6687,6688,6689,6690,6691,6692,6693,6694,6695,6708,6771,6774,6776,6779,6786,6798,6804,6812,6826,6855,6857,6871,6872,6900,6901,6920,6923,6926,6927,6929,6948,6961,6983,6988,6992,7004,7009,7022,7083,7089,7124,7139,7168,7177,7178,7200,7208,7215,7231,7236,7257,7264,7278,7299,7302,7303,7304,7305,7306,7307,7308,7309,7310,7311,7312,7313,7314,7317,7321,7335,7339,7380,7395,7401,7418,7446,7509,7510,7518,7520,7523,7524,7531,7532,7533,7534,7535,7536,7541,7546,7551,7562,7565,7632,7633,7639,7670,7684,7693,7694,7696,7698,7706,7723,7746,7777,7788,7794,7798,7800,7820,7827,7839,7850,7863,7872,7913,7920,7927,7939,7942,7982,7984,7987,7996,8021,8057,8061,8073,8075,8136,8162,8171,8179,8181,8198,8202,8211,8230,8237,8260,8271,8272,8273,8289,8306,8313,8317,8321,8328,8337,8360,8375,8402,8417,8420,8421,8422,8452,8461,8483,8488,8494,8498,8501,8509,8527,8535,8554,8639,8644,8648,8653,8664,8676,8678,8681,8721,8725,8728,8736,8753,8779,8793,8794,8804,8806,8825,8843,8851,8868,8884,8885,8886,8888,8893,8898,8900,8902,8909,8930,8936,8948,8950,8963,8992,8996,9017,9033,9051,9055,9056,9069,9077,9080,9122,9127,9128,9138,9142,9157,9189,9201,9227,9253,9256,9257,9258,9275,9286,9289,9307,9308,9323,9324,9325,9348,9364,9368,9375,9377,9415,9416,9417,9419,9421,9423,9426,9428,9430,9432,9434,9450,9452,9462,9464,9470,9474,9477,9492,9500,9507,9508,9509,9517,9532,9533,9545,9549,9557,9570,9578,9593,9608,9623,9636,9643,9654,9664,9676,9699,9704,9715,9716,9736,9743,9750,9751,9753,9773,9798,9802,9809,9811,9824,9838,9841,9843,9844,9851,9865,9869,9875,9883,9897,9925,9926,9935,9938,9944,9964,9980,9983,9985,9987,9999,10009,10016,10026,10036,10045,10050,10057,10059,10072,10096,10112,10117,10124,10127,10159
420	5359,10064
421	1693,2125,2159,3694,3968,5317,5362,5363,5364,5876,6821,7348,8039,9612,9848
422	995,2255,5149,5409,7451
423	5376,8175
424	5378,5379,5380
425	118,146,5381,7434
426	5382
427	65,5396
428	2766,4576,5478,5830,6658,7441
429	5430
430	552,2228,3056,3729,3731,3830,4618,4982,5311,5890,6409,6410,6628,6633,7025,8302
431	5445
432	1625,3934,4177,4418,5189,5208,5436,5460,5461,5463,5464,5597,5668,7001,7779,7791,9092,9585,9695,9898,9991
433	294,883,1619,2644,3362,3485,4356,4398,4401,4477,4528,5189,5480,5482,5483,5707,5967,6200,6202,6411,6980,8322,8323,8375,9066
434	2515,2532,2977,4571,4633,5314,5760,7707,9658
435	5543,5544,5545,8350
436	659,3650,5550,5840,5978,6705,6835
437	654,793,1123,1311,2636,3324,3470,3471,3488,3601,3685,3686,4597,4601,5018,5019,5189,5558,5559,5560,5561,6169,6312,6366,8251,8294,8349,8673,9473,9667,9835
438	5579
439	4290,5626,5627,5628
440	3663,5507,5633,5635,5638,5648,7086
441	5634
442	6043
443	4936,5656,5657
444	2029,5668
445	4483,5673,5674,8057
446	212,1110,4540,4557,4997,5716,5717,6140,9484
447	442,498,1550,2097,2673,2830,4567,4827,5197,5216,5744,5745,5746,6669,6940,8507,10142,10143
448	5770,5771,5772
449	5792
450	5796
451	1145,4712,5803,5804,5805,8012
452	2498,5815,6161
453	5818
454	5841
455	6767,9769
456	5792,5861,5862,5863,5864,5865,9695
457	833,1313,1728,3010,3305,3798,3866,3991,5866,5867,6567,7327,7581,8141,8542
458	331,2893,4084,5034,5038,6564
459	116,221,233,1692,2457,2468,3284,3973,3976,4471,4492,4540,5130,5445,5611,7864,7865,8989
460	5875,9369,9385,9386
461	642,1185,2734,3596,5243,5874,8252,10113
462	5886
463	8384
464	298,1894,2110,2608,4934,5931,5974
465	5933
466	2690,5948,6649,6951,8741,8925
467	3691,5289,5841,8567,8944
468	5290
469	204,465,1283,2194,4553,4596,5695,5970,5971,7035,7424,7709,7802,8813,9078,9911
470	6015
471	6018
472	189,1085,1194,1535,2796,2806,2911,2989,3012,3067,3284,3843,4400,4508,4540,4863,4964,5669,6773,7714,7784,7801,8275,8476,9234,9919,9991
473	633,3291,3626,4379,6029,7071,7689,9060
474	332,6030,6031,6032
475	2489,6034,6036
476	4413,6049,8346
477	1062,1379,1388,1861,5780,6051,6055,6056,6187,7201,8129,9885
478	6059
479	6064
480	6076
481	485,724,828,829,830,1627,2651,3205,3316,3710,4585,4867,4868,4925,5479,6089,6090,6091,7249,7830,8207,8208,8865,8866,9330,9695,10020
482	6093
483	571,748,781,5953,6098,6101,6102,9745
484	1584,2331,2544,3186,3454,4044,4293,4299,4306,4341,4744,4871,5361,5639,5643,5646,6079,6105,6752,8225,8227,8228,9660
485	6124
486	566,1360,1664,1971,3169,4339,5894,6136,6137,6184,7031,9032,9646
487	1351,2464,4463,5389
488	2091,2642,3455,3745,5020,5133,6139
489	199,535,691,786,806,1049,1234,1393,1663,1867,2048,2123,2672,3953,4018,4141,4859,4976,5595,5596,5932,6141,6144,6145,6146,6147,6197,6475,6884,7365,7388,7578,8245,8261,8757,8814,8815,8816,9159,9407,9573,9584
490	434,756,1589,1702,1962,2791,4362,5144,5238,5387,5713,6430,6813,6939,8049
491	979,1999,3335,4604,4839,4974,6133,6157,6614,6685,6889,9259,9260,9261,10150,10151,10152
492	3972,4268
493	652,4234,6219,7710,9355
494	1356,1924,2372,7118,7973
495	320,3889,3890
496	210,697,1685,1898,2120,3631,4446,4885,5769,5991,6193,6975,7399,9265,9902
497	875,2154,2686,3268,3372,4321,5625,6060,8432,8693,9053
498	318,5333,6194
499	6205
500	682,720,824,1326,1923,1996,2164,2358,2395,2396,2583,2751,2759,3042,3190,3431,3713,4020,4054,4095,4173,5279,5832,6075,6193,6208,6209,6496,6560,6679,7114,7186,7187,7188,7293,7621,7678,8251,8253,8276,8334,8398,8731,8776,8790,8824,9349,9354,9410,9644,9853,10075,10084,10098,10099
501	6222,8413
502	6244
503	1033,9755
504	311,458,671,1906,2237,2473,2570,5227,6082,6256,6257,6258,6259,7359,8332,9082,9154,9595,9675
505	6275
506	303,359,360,826,1146,1387,2466,2737,3867,5825,6212,6277,6278,6280,6281,6282,6361,6508,7082,7316,7491,7642,7922,8299,8397,8446,8710,9390,9486,9542,9780,10120
507	798,1587,2794,4294,4308,4474,4729,5001,5186,6675,6895,7414
508	368,735,2425,3752,4001,4267,4433,5134,6293,6294,6295,6296,6297,6298,6996,8657,9276,9818,9819,10029
509	2693,6306,6307,6308,9571
510	2297,2599,6327,8994,9271
511	974,3206,3207,3208,3209,6328,9270,10144
512	805,6330,8391,9906
513	333,1625,2042,2294,2341,3749,4081,4330,4396,6337,7144,8224,9130
514	6341
515	82,84,2350,2351,2352,2354,2355,2356,6345,6346,9403
516	655,956,957,1094,2572,3751,4375,4501,5189,6369,6370,9868
517	2121,3869,6372,6373,6700,7737
518	2520,5841,6376,6562,6651,7032,7097,8695,9344,9892
519	1020,4208,4221,6753,9613,9792,10105
520	73,123,689,1295,1688,1922,2053,2076,2607,2641,2970,3015,3817,3839,3927,4165,4728,5207,5652,5762,6383,6384,6385,6386,7024,7223,7849,8480,9493,9877,9991,10055
521	6446,6447,6659,9482,9908
522	8566
523	6454
524	1531,6466,6467,6470
525	506,5040,5814,6831,8415
526	441,529,580,1619,2075,2206,2592,2657,2724,2725,2947,3238,3400,3732,4497,4506,4517,4520,4620,4875,4882,5322,5331,5372,6325,6355,6511,6512,7390,7503,9058
527	3778,5277,5428,5462,5637,6389,6521,6523,6524,6525,6526,6660,7189,7419,8020,8046,8081,8406
528	3025,6188,6535,6536,9406
529	388,706,897,1775,2267,2333,2669,3343,3562,3888,3993,5079,5972,6575,6975,7912,8155,8699,8940,9013
530	7158
531	1138,5845,6562,6571,6572,6573,6582,7469
532	6579
533	1869,2635,3042,5501,6586,6589,6590,8371
534	48,107,110,239,240,245,363,364,365,366,522,563,585,598,601,605,609,618,619,631,776,792,837,838,1086,1097,1129,1197,1202,1417,1523,1524,1601,1635,1819,1829,1853,1917,1967,1969,1985,2009,2010,2011,2104,2155,2392,2505,2614,2615,2632,2633,2688,2707,2846,2864,2866,2899,2923,2964,3259,3265,3284,3298,3317,3331,3347,3365,3408,3436,3558,3566,3672,3705,3841,4042,4062,4088,4135,4151,4167,4180,4266,4275,4297,4428,4461,4651,4653,4778,4851,4914,5022,5030,5034,5075,5167,5172,5173,5189,5225,5258,5427,5492,5493,5572,5573,5577,5675,5711,5797,5854,5909,6071,6097,6286,6309,6340,6469,6593,6594,6595,6596,6597,6598,6599,6600,6601,6602,6964,7048,7099,7161,7258,7374,7454,7488,7631,7785,7787,7825,7866,7938,8102,8251,8428,8722,8743,8801,8987,9054,9084,9296,9297,9319,9525,9765,9776,9823,10145,10153
535	285,2359,3443,4312,5034,6541,6605,9546
536	1107,1795,1926,3600,3819,4162,4927,4948,5588,5651,5896,6581,6627,6631,7193,8568,8797,9106,9522,9605,9829
537	1625,1651,1767,1822,1890,2332,2429,2569,2723,3244,4333,4437,5034,5151,5194,5407,5707,6001,6391,6483,6626,6634,6635,6636,6847,6849,6898,7173,7530,8040,8079,8132,8197,8508,8747
538	59,1660,5755,5848,5982,6429,7942,8774,9137
539	4897,5283,6028,6648,7648,8477
540	550,551,895,896,1017,1018,1175,1178,1592,2054,2055,2282,2283,2320,2321,2677,2680,2720,2721,2798,2799,3001,3003,3883,3884,3893,4180,4181,4767,4769,5092,5093,5190,5204,5657,5658,6001,6002,6082,6083,6095,6096,6141,6142,6608,6609,7388,7389,7444,7552,8266,8761,8762,9480,9481,9523,9524,9538,9540,9582,9583,10001
541	6290,6724
542	3811,6727,7162,7932
543	379,1295,1326,1381,1382,1391,1614,1668,2135,2757,2772,2969,3057,3155,3786,4251,4576,4902,4968,5206,5826,6421,6660,6735,6736,6796,6797,6903,6922,7244,7291,7566,7789,7869,8170,8261,8876,8910,9512,9513,9777,10108
544	6746
545	219,4469,4960,6656,6750,6751,7014,7109,7371
546	6754
547	2329,3568,6755,8434,9626
548	3067,5947,6485,6757,6758,7276
549	6037,6761,7674
550	961,1593,4326,6588,6710,8644,8742,10088
551	5005,6765,6766,7293
552	6802,6803
553	1627,1767,2191,2542,2844,2875,3320,3844,4610,4654,5107,5647,5816,6439,7388,7548,7702,7801,8055,8353,9092
554	139,509,1321,1658,2000,3341,4198,6810,6850,7406
555	6835
556	1972,3210,6836,6837,6838,7687
557	6846,9192
558	1249,4281,5201,6625,6769,6851,8838,9363
559	371,435,489,1061,1269,1556,1634,2404,2568,3306,3750,3767,4962,4975,5221,5588,5976,6356,6646,6830,6864,6865,7355,7604,7760,8659,8908,9341,9712,9713,9714
560	3588,3939,6867,6868,6869,6870
561	155,838,1159,1245,1260,1533,1534,1783,2348,2374,2382,2702,4408,4634,4661,4973,6221,6315,6862,6886,7426,7427,7448,7621,8810,9274,9577
562	665,754,1177,1254,1659,1788,2381,2386,2420,2478,3592,3738,4287,4603,5334,5574,5899,6578,6638,6887,6892,7327,8279,8546,8769,8927,9228,10092,10148
563	128,759,2260,2562,2736,2951,3061,3699,3966,3974,4417,4611,5432,6646,6852,6904,6905,6906,8998,9662
564	3106,5612,6907,7875,9268
565	2047,2248,5442,5977,5985,5986,6094,6916,6917,6918,7211,7415,7439,7580,8392,8464,9414,9582
566	6715
567	376,894,951,1177,1677,1767,2491,2596,3296,5042,5116,5408,6545,6652,6919,7770,7852,8408,8698,8701,8718,9012,9720
568	108,1555,1744,4140,4142,4143,6930,6932,6933,6934,6936,6937,6938,7115,7225,7585
569	71,289,1179,1410,3266,3854,4109,4186,5123,5366,5532,5665,6644,6941,6944,6945,6946,9048,9749
570	1626,4490,5754,6981,6982,7882,8013
571	322,675,676,982,983,1687,1853,2241,2448,3125,3284,3776,4364,4433,4542,5076,5303,5488,5691,5809,6432,6990,6991,7774,7803,8079,8354,8356,8734,9693,9701,9901,10071
572	2236,3461,3490,4709,5159,5629,6995,6998,9554,10015
573	486,2126,2328,3679,5002,6498,7013,9650
574	7042
575	7457,9445,9951
576	1848,2891,3616,4288,6900,7054,7362,7683,8424
577	1298,3030,3985,6910,7056,7057,7108
578	3661,5236,5801,5811,5824,7044,8418,8493,9396,9411
579	1459,1496,2158,3435,4687,5730,7063,7064,7065,7066,7943,8478,9397
580	794,3877,5954,7098,7100,7102,7103,9891
581	500,3644,5246,7105
582	7116
583	4360,6158,7122
584	3340,7144,7150
585	976,3186,3926,4054,4083,5377,5646,5706,6972,7154,7155,7423,8724,9962,10121
586	7159,7160
587	901,1130,1151,1689,1901,2731,2749,2966,3063,3465,3550,3558,3583,4545,4821,4849,4959,5206,5470,5852,6165,7621,7804,7862,8375,9140,9182,9338,9342,9418,10074,10106,10107
588	9740
589	1914,2325,3215,5458,7164,7166
590	2709,5410,8347
591	1634
592	312,2082,5504
593	1322,2479,4866,4992,5006,5390,6085,7192,7260,7430,8151,9103
594	7194
595	224,344,345,2467,3058,3187,3868,3969,5451,7085,7195,9079,9406,9543,9650
596	1895,7606,7673
597	1726,1727,3708,4272,7198,7338,7341
598	7205,8491
599	7126,8365
600	193,277,542,550,750,2073,2293,2402,2403,2867,3312,3383,3405,3594,3846,4678,4767,4901,5149,5312,5313,5694,6132,6913,6925,6958,7077,7221,7222,7224,7398,7942,8018,8200,8405,9451,9516,9829
601	7228
602	764,847,1233,1804,3656,3835,4526,5393,6041,6082,6665,7150,7238,7290,7719,8127,8253,8739,9437,9531,9785,9816
603	2072,6760
604	80,138,900,978,1394,1659,2123,2296,2323,2336,2388,3391,4051,5388,5837,5894,5932,6110,6151,6207,6580,6863,6957,7217,7250,7251,7404,7759,8333,8714,8798,8834,9099,9242,9269,9380,9849,9853,9968
605	7282,7283
606	58,70,109,111,112,113,145,147,174,229,230,231,280,339,367,491,504,507,508,536,547,582,635,663,665,717,842,888,917,919,969,991,1012,1148,1250,1329,1334,1411,1414,1473,1492,1495,1571,1644,1645,1646,1647,1650,1656,1741,1745,1751,1752,1753,1754,1755,1764,1765,1769,1770,1932,1986,2017,2018,2045,2046,2069,2088,2092,2140,2153,2161,2224,2273,2285,2335,2450,2553,2654,2660,2661,2715,2908,2922,2924,2954,2955,3052,3070,3198,3200,3201,3295,3304,3321,3322,3323,3617,3625,3898,3904,3916,3924,3925,3941,3982,4012,4037,4065,4127,4128,4129,4130,4131,4132,4196,4243,4250,4324,4459,4623,4641,4725,4734,4776,4887,5072,5089,5131,5135,5165,5261,5340,5427,5459,5585,5590,5600,5664,5749,5847,5859,5877,5930,5955,5995,5999,6088,6114,6115,6116,6117,6118,6129,6170,6214,6224,6318,6334,6343,6439,6490,6518,6557,6578,6611,6640,6650,6696,6713,6764,6788,6789,6790,6791,6792,6793,6794,6795,6829,6844,6866,6885,6894,6997,7003,7034,7093,7112,7113,7128,7165,7214,7295,7298,7336,7363,7471,7472,7484,7508,7529,7577,7634,7636,7663,7682,7796,7835,7890,7892,7893,7894,7897,7898,7899,7903,7904,7905,7906,7907,7908,7909,7910,7911,7914,7915,7956,7968,7988,7991,7992,7993,7994,7995,8112,8126,8152,8194,8203,8246,8247,8269,8270,8308,8344,8368,8369,8416,8445,8482,8539,8556,8557,8558,8559,8560,8561,8569,8573,8574,8578,8579,8580,8581,8582,8583,8584,8585,8586,8587,8588,8589,8590,8591,8592,8593,8594,8595,8596,8597,8598,8600,8601,8602,8603,8604,8605,8606,8607,8608,8609,8610,8612,8613,8614,8615,8616,8617,8618,8619,8620,8621,8622,8623,8624,8625,8626,8627,8628,8629,8630,8631,8632,8633,8634,8635,8658,8675,8679,8697,8733,8734,8745,8746,8771,8822,8881,8897,8904,8916,8933,8934,9013,9018,9019,9020,9021,9022,9023,9024,9025,9026,9027,9028,9029,9030,9031,9034,9036,9039,9043,9044,9156,9195,9196,9200,9207,9213,9217,9239,9264,9320,9321,9384,9490,9499,9521,9576,9633,9635,9684,9708,9709,9783,9784,9890,9930,10032,10119,10164
607	7367
608	752,3364,3800,4381,6092,6189,6228,6663,7385,7386,7388,7391
609	7352,7353
610	5300
611	603,604,845,846,1081,1619,2077,5394,7443,7769,9970,9971
612	1081,1618,2079,5392,5823,9042
613	7453
614	7465,7919
615	931,4365,7463,7464,9597,9931
616	1026,2200,4637,5574,8253,8677,8876,9240
617	562,744,811,1152,1809,1849,2027,2111,2114,3284,3620,3727,4045,4619,4732,4766,5437,5811,5872,6001,6014,6135,6742,7476,7477,7478,8439,9493
618	125,317,910,966,4433,5189,5488,6985,7479,7480,7481,9224,9695
619	133,1859,2006,3042,3408,3882,3962,4151,4504,4510,4782,5813,6479,6756,7731,7847,8234,8910
620	825,2317,7494
621	672,673,7498,7499,7500,7501,8827,8926
622	3695,4364,4938,4959,5645,7185,7517
623	867,992,1050,1501,1694,2552,2697,2713,2817,2987,3339,3491,3936,3959,4675,4818,5969,6149,6264,6274,7270,7538,7539,7540,7926,7931,9176,9917,9978,10166
624	7564
625	3590,7487,7569,8251
626	1681,4931,5738,6181,7594,9398
627	664,954,5496,7597,8251,8564,9519,9867
628	2584,6134
629	7603,7605,7607,7611,7613,7614,7615,7624
630	1294,3865,6955,7627,7628,7629,7630,9834
631	2207,4329,7623,7678
632	131,1293,1415,5892,7657,7658
633	3140,7660,7661
634	1957,3426,3725,4242,7261,7504,7651,7664,7665,7666,7667,7669
635	924,7055,7668,9335
636	72,123,193,357,533,879,1149,1493,1519,1593,1716,2691,2866,2900,3260,3316,3846,3883,4039,4043,4364,4433,4501,4561,4944,5155,5305,5488,5501,5668,5705,5758,6051,6193,6714,6819,7006,7213,7366,7391,7456,7662,7675,7676,8357,8787,8841,9133,9301,9493,9695,9923,10045
637	827,3560,5524,6994,7717,8946
638	454,1078,1895,3657,5619,6965,7720,7735,7736,7738,7739,7740,7868,8347,8568,8837,9266,9406,9503,9815,9874
639	1042,2983,3870,5895,7765
640	287,361,1568,2332,3309,4258,7010,7810,7811
641	7813,7814,7815,8309
642	2877,2895,2896,5939,6261,8186
643	741,1002,1059,1537,2147,2400,3122,3124,3450,3456,3476,4635,6749,7685,8727,9065,9455,9683,9928
644	132,457,3654,4261,6607,7826,10044
645	7834
646	1138,2298,4020,5557,7468,9622,9860
647	334,989,3504,4101,4222,4440,4475,4727,6420,6492,7790,7844,7845,8161,8303,8651,8962,9514,10091,10109
648	66,73,185,215,369,570,599,1045,1085,1242,1286,1297,1299,1332,1402,1403,1457,1622,1669,2157,2258,2595,2700,2701,2797,2986,2990,3096,3112,3346,3448,3483,3584,3756,4089,4115,4192,4323,4400,4486,4495,4496,4502,4514,4522,4538,4804,5077,5126,5446,5668,5710,5756,6347,6361,6390,6548,6574,6575,6835,6977,7068,7084,7227,7791,7823,7889,7891,7924,8199,8251,8453,8599,8755,8848,8861,8864,8915,9035,9037,9047,9695,9756,9896,9929,10040,10090
649	2739,2808,3230,6897
650	1784,2033,2034,2286,2287,2306,2312,2792,2963,2968,3193,3544,3545,4864,4879,4880,4898,4921,4922,4938,5205,5285,5286,5329,5850,6019,6020,6119,6120,6676,6677,6808,7242,7368,7407,7435,7716,8010,8263,8395,9162,9163,9164,9165,9340,9341
651	2307,2793,3194,4865,4898,4939,5330,6677,7243,7408,8011,8167,8264
652	7369
653	7705,7900,7901,7902
654	2361,3684,5940,7916,7917,8411
655	1034,1035,2753,3961,5041,5189,5281,5386,6010,6109,6291,7779,8324,9303
656	225,1467,2769,2778,3016,3821,4881,6176,6476,7918,9701
657	7944
658	7945
659	7132,7947,7948
660	7934,7950
661	278,387,548,549,561,583,766,863,953,1005,1061,1262,1409,1435,1498,1576,1634,1907,1934,2192,2200,2265,2334,2339,2530,2575,2879,3048,3453,3597,3632,3754,3828,4048,4073,4183,4208,4271,4282,4613,4686,4731,4985,5189,5465,5566,5689,5707,5923,6103,6225,6262,6382,6473,6491,6645,6720,6816,6839,6877,6972,7297,7300,7397,7563,7589,7621,7750,7779,7936,7952,8001,8265,8282,8349,8449,9081,9322,9476,9674,9991,10080,10156
662	483,1006,1643,1983,2262,2377,3344,6235,6433,6510,7951,9498
663	1740,7953
664	234,238,843,844,2743,2744,4540,6973,6974,7239,7240,7762,7763
665	556,581,1112,1593,3918,7954,7959,9104,9863
666	1984
667	2266,5228,5229,5230,5231,6042,7963,7964,7966,8062
668	7965
669	123,175,193,358,411,555,647,649,697,701,724,751,780,832,871,922,960,966,1031,1194,1249,1255,1474,1489,1587,1648,1703,1715,1720,1731,1762,1811,1823,1834,1840,1910,2070,2115,2119,2167,2173,2189,2219,2227,2252,2288,2393,2415,2513,2579,2639,2680,2712,2805,2866,2886,2890,2930,3001,3008,3087,3097,3126,3155,3160,3237,3284,3311,3359,3376,3408,3409,3586,3610,3664,3690,3762,3776,3783,3829,3842,3883,3911,3912,3915,3964,4013,4024,4026,4028,4030,4031,4032,4035,4037,4107,4122,4134,4154,4176,4228,4236,4238,4278,4285,4286,4433,4444,4539,4564,4572,4574,4606,4615,4666,4669,4670,4671,4672,4673,4733,4747,4748,4749,4750,4751,4752,4776,4815,4824,4859,4860,4914,4983,5036,5069,5080,5145,5191,5206,5210,5211,5268,5276,5306,5489,5520,5556,5599,5689,5694,5697,5721,5747,5806,5811,5860,5951,5958,5981,5988,5994,6127,6166,6211,6234,6263,6434,6538,6570,6619,6654,6823,6825,6848,6935,7043,7053,7058,7061,7210,7233,7234,7272,7593,7747,7758,7783,7791,7834,7840,7957,7958,7960,7961,7962,7967,7969,7970,7971,7972,7974,7975,8091,8221,8222,8251,8256,8268,8315,8388,8562,8643,8839,8911,9040,9107,9124,9151,9166,9249,9250,9251,9299,9317,9343,9582,9588,9638,9672,9695,9728,9734,9870,9880,9994,10158
670	1377,1445,2414,2597,4840,6554,6555,6845,7976,7977,8832,8833,9152
671	171,333,490,520,584,704,913,1141,1149,1182,1217,1450,1488,1714,1750,1756,1757,1810,1832,1853,1893,2024,2116,2369,2510,2540,2678,2748,3017,3064,3103,3175,3257,3380,3408,3430,3433,3503,3541,3673,3734,3859,3875,4062,4150,4260,4300,4301,4432,4433,4575,4722,4737,4745,4777,4792,4793,4794,4914,4954,5027,5054,5062,5164,5168,5175,5176,5184,5305,5415,5521,5538,5644,5687,5689,5799,5811,5820,5945,5987,6000,6004,6011,6051,6168,6230,6357,6363,6540,6699,6768,6963,6970,7028,7267,7268,7269,7474,7525,7748,7772,7773,7785,7885,7886,7887,7888,7989,7990,8056,8090,8255,8257,8258,8312,8315,8341,8435,8567,8692,8703,8817,8830,8854,8941,8990,9014,9038,9221,9284,9563,9564,9642,9691,9727,9739,9746,9782,10100,10134
672	2023,2315,3373,4437,6718,9991
673	1841,2279,2982,4225,5846,6085,6180,6468,6952,8003,8004,8005
674	4500,6697,7647,8006,8007,8009,9468
675	8008
676	75,106,236,281,448,688,1030,1086,1121,1365,1511,2507,2508,2884,2941,3402,3661,3680,3743,3758,3976,4010,4167,4543,5098,5158,5327,5414,5883,5923,7069,7146,7354,7494,7645,8019,8191,8241,8404,9008,9695,9948,9965,9966,9967
677	188,400,501,511,532,592,593,839,1301,1327,1338,1451,1468,1499,1684,2081,2106,2305,2308,2327,2567,2594,2722,2782,2892,3432,3444,3579,3598,3599,3645,3692,3711,3850,4188,4405,4485,4771,4848,4905,5037,5163,5405,5631,5655,5723,5731,5893,5979,5993,6502,6610,6721,6739,6785,6989,7060,7375,7600,8023,8024,8026,8358,8426,8661,8829,8891,9063,9070,9171,9265,9392,9562,9873,9899,10019,10077
678	722,743,1212,3408,4433,4543,5192,5488,5811,6051,7779,8029,8030,8031,9695,9991
679	553,777,1011,1936,2074,2275,2329,2613,2668,3661,4009,4073,4787,4798,5319,7856,8032,8033,8034,8035,9700,10067
680	1040,5435,6164,6621,8036,8037,8038,8437,8438
681	791,851,972,2313,3883,4923,5385,5391,6044,6163,6820,6824,7038,8409,8440,8949
682	336,1469,2424,2487,4570,4809,4842,6006,6909,7567,7979,7980,8041,8042,8044,9266,9267,10060
683	1489,4212,8048,9345
684	1355,1389,3425,4060,5608,8051
685	1571,8050
686	494,1205,2390,4071,5964,7041,8052
687	67,648,789,791,887,1032,1043,1089,1922,3128,3236,3462,4054,5034,5061,5831,6478,6972,8053,8054,8811
688	283,1404,5178
689	8064
690	695,1908,3560,4378,5032,8068,8078,8339,8792,9456
691	8077,8080,9001
692	171,838,997,1014,1296,1695,2089,2108,2123,2302,2398,2488,2662,3379,3600,3695,3698,4017,4311,4484,5132,5237,5369,6065,6084,6120,6310,7118,7325,7429,8082,8267,8716,8883,8938,9263,9467,9582,9659,10004
693	4874,6630,8087,8444,8830,9574,9964
694	1966,2329,3771,4364,4433,4552,4762,5189,5488,7324,7771,8099,8100,8251,9692,9991
695	73,123,144,401,1122,1422,1606,1628,1968,2401,2492,2695,2789,3284,3302,3316,3408,3481,3496,3615,3707,3921,4000,4151,4265,4433,4455,4501,4541,4584,4621,5324,5414,5450,5488,5568,5702,5704,5714,5802,5923,6024,6051,6082,6519,6639,6726,7138,7445,7455,7895,8103,8104,8105,8166,8233,8363,8577,8910,9049,9057,9381,9638,9640,9695,9903,9991
696	1354,2485,2771,7067
697	123,124,129,315,1853,1854,2483,2484,3284,3286,3606,3607,3825,3827,4836,4837,4838,4844,4845,4846,4847,5811,5812,6051,6052,6706,6707,7029,7030,7779,7780,8043,8045,8106,8107,8108,8109,8110,8111,9695,9696
698	104,297,1142,1188,1657,2421,2422,2506,2670,3434,3559,4464,6716,7724,7725,7726,7727,7728,7729,7732,7733,8548,8772,8773,8785,8828,9305,9610,9611
699	8114
700	140,1044,1056,1066,1090,1163,1243,1594,2449,3469,4608,4664,5043,5620,5718,5963,6064,6131,6364,7008,7218,7225,8113,8115,8215,8859,9695,9853,9989
701	782,2284,3440,8119,9820
702	328,524,1067,2078,2351,3810,6005,8118,8125,8485
703	6832,8120,8121,8123
704	8122,8134
705	2353,2939,7151,8133
706	121,335,514,515,774,1147,2726,3059,3123,4456,4825,5155,5956,6604,6703,7544,8088,8942,9229
707	2680,3284,3661,4478,4540,4607,5194,5540,5811,6680,7117,7206,7779,8135,8138,9728,9898
708	746,985,3536,3629,4325,5808,7513,8139,9045
709	73,186,1016,1127,3442,3937,3978,4020,4069,4401,4861,5048,5445,5817,6126,6354,7121,7288,7599,8140,8143,8145,8147,8149,8669
710	73,186,1127,1624,3938,4020,4401,4726,5445,7288,8144,8669
711	2850,3622,3977,4068,5047,5618,5888,6125,7120,7588,7598,8142,8146,8148
712	8159
713	1263,1433,1434,1733,4059,7046,7277,7617,8165,8875
714	518,3186,7491,8174
715	1095,1552,1680,2858,4054,4384,6204,6473,7196,7621,7812,8116,8425,9009,9761
716	788,9963
717	1612,3799,4096,9262
718	4025,4027,4029,4033,4036,4038
719	86
720	380
721	784
722	6368,6942
723	7579
724	8196
725	9091,9735
726	8213
727	2995,2996,2997,3222,8216,8217,8218
728	1128,8219,8220,9529
729	1126,6954
730	8232
731	76,401,2929,3485,3914,3917,4387,8240,9049,10069
732	8244
733	1427,2634,3013,5870,7489,8250,8252,8780,10076
734	4078,4990,6431
735	407
736	8283,8284,8285
737	1777,7475,8292,8293
738	8294
739	2914,3187,3307,3308,8291,8295,9304
740	8298
741	1010,4303,9775
742	1214,3077,3429,4403,4993,5898,6255,7104,7574,8366,9510
743	2501,2502,5421,5422
744	2004,3221,5143,9097,9098,10095
745	477,550,639,911,941,2149,3388,4076,4105,4649,4660,4810,5481,6079,6193,6955,7853,8153,8154,8399,8400,8401,8406,8876,9160,9410,9581,9862,10039
746	3802,4346,8412
747	4435,5795,6223,9732
748	713,1660,2590,3981,7075,7136,7137,7328,8262,8447,8448,9603,10087
749	1438,8427,8454,8455,8456,8457,8458,8459,8460
750	3587,4310,8947
751	3270,3370,4355,5527,7133,7806,8084,8465,8467,8468
752	8470
753	8474
754	136,330,2124,2549,2795,3171,7271,8177,8475,8479,10063
755	3577,8480,8565,9235
756	2251,8481,9046
757	5526,6333,6704,8124,8484
758	8489
759	787,1587,2881,3336,3472,3473,3474,3573,4185,4248,6324,6698,8819,8993,9548
760	4249,7111,8490
761	8492
762	3701,4741,7131,7246
763	565,5603,6108,8511,8512
764	309,690,1203,1966,2723,4073,4639,5367,5702,6077,6078,6978,7225,8427,8525,8576,8840,9806
765	1446,4184,4943,5281,6085,7557
766	8537
767	150,7482
768	586,7795,9208,9836
769	1181,8562
770	8575
771	4043,8640,8641,10014
772	3683,4481,7074,9376
773	152,3459,4598,5735,7263,8650
774	1871,3329
775	123,202,595,617,622,626,653,1226,1227,1621,1853,1958,2428,2440,2527,2681,2696,2748,2848,3136,3287,3480,3485,3733,3846,3902,3910,4151,4416,4492,4534,4690,4742,4816,5488,5765,5811,6051,6121,6398,6840,7153,7259,7281,7320,7601,7779,8010,8195,8547,8552,8637,8704,8705,8706,8707,8910,8943,8952,9278,9346,9418,9502,9670,9726,9893,9991
776	2140,8711
777	2821,2822,4272
778	8737,8738
779	1392,3043,3589,5122,5975,6025,7123,8760,9404
780	8767
781	2008,3580,5299,6181,8768
782	8817
783	968,1722,1946,2184,2841,3069,4964,8057,8820,9446
784	8821
785	8845,8846
786	2406,5811,5835
787	3100,8855
788	8860
789	314,1024,1025,1515,1516,1781,1782,2620,2646,2647,3653,4079,4080,4247,5468,5586,5589,6123,6127,6128,6288,6678,6723,6784,6912,7416,8085,8086,8544,8545,8683,8684,8869,8870
790	632,1909,2163,2235,2819,3306,5724,6746,8324,8473,8642,8700,8890,10068
791	2005,4433,5193,6975,7779,8912
792	1180,8914
793	196,1903,3557,4755,6480,6481,8348,8350,8917,8918,8920,9211
794	7489,7937,8410,8923,8924,8928
795	5301
796	2185
797	5195,8959,8960
798	8958
799	68,172,840,1660,2170,2931,3326,3682,3933,4393,5613,6393,6909,7018,7419,7440,7466,8849,8850,8967,8968,8969,8970,8971,8972,8973,9135,9329,9331,9543,10132
800	1870,2518,2882,4890,6550,8979,8980,8981
801	2581,8984,8985,8986,9538
802	1423,8999
803	3983,6316,7142,7197,7229,8343
804	9114
805	475,530,907,1312,1503,2699,3011,3114,3774,4015,4187,4347,4437,4477,4586,5029,5495,6457,6800,7079,7681,8226,8326,8502,9148,9149,9155,9487,9669,9767,10154
806	7716,9162
807	567,1587,2421,2550,2598,3451,3464,3522,4494,5401,5404,5811,5856,5882,5952,6085,6456,7280,8533,9168,9170,9671,9961
808	9177
809	1326,1572,3249,3603,8188,9178,9179,9180,9181,9438
810	9187
811	9191
812	9193
813	9199,9724
814	9194
815	9206,9207
816	300,1721,2200,3267,3385,3984,5189,5240,5395,5579,6017,6237,7182,7779,9991
817	4896,5922,8551,9306,9383
818	2094,6009,8373,9216,9218,9219,9220
819	9222,9223
820	9233
821	3189,9230,9231,9232
822	2165,2186,2370,2659,3363,4521,4630,5719,6775,8097,9236,9237,9630,9649,9663
823	61,544,550,740,876,1241,1953,3187,3739,3931,3984,4011,4016,4082,4422,4909,5281,5663,6265,6725,6747,7073,7150,7467,7697,9244,9245,9246,9620
824	9248
825	8823
826	9696
827	1965,1976,1977,1978,1979,2117,2118,2210,2326,2543,3045,3187,3192,3195,3301,3340,3366,3392,3666,3763,3831,3899,3990,4055,4070,4817,5488,5708,5914,5944,6148,6425,6508,6516,6522,6587,6746,6828,7005,7144,7502,7582,7609,7610,7618,8184,8371,8442,8443,8611,9518,9596,9679,9840,9847,10049,10066
828	9277
829	101,1314,2582,3277,3624,6422,6565,7220,7262,7483,7649,8531,9184,9281,9282,9283,10102
830	317,638,1106,1432,2253,2909,3734,5166,5234,6419,6782,9293
831	9290,9291
832	142,714,1249,1802,3188,4075,5501,7047,7148,8375,8876,9311,9312,9313,9341
833	9314,9315,9316
834	142,171,325,1146,2025,2090,2708,2810,2934,3004,3062,3950,4421,4652,6746,8372,9327,9328,9895,9954
835	666,1806,1945,2768,4958,5011,5571,5594,5736,5773,5828,6737,7364,7437,8375,9134,9203,9332,9333,9334,9336,9337,9497,9604
836	2289,6362
837	181,674,3896
838	8939,9357
839	450,927,1540,2225,2849,3102,3288,3537,3628,3719,4043,4094,4449,4505,4569,4589,5189,5282,5601,5602,8463,8670,9358,9359,9360,9361
840	5174,6556,7026,8563,9370,9371,9372,9373,9374
841	1098,1418,2471,2493,3427,4385,5839,9598
842	9465
843	96,377,705,987,1171,1252,1803,2278,2577,2723,2847,3196,4612,4639,5189,5281,6067,6172,6839,7106,7204,7239,8314,8830,9466,9599,9898
844	1082,1649,2329,2426,2905,3693,4317,5155,5291,6038,6198,6955,7319,8419,9518,9778
845	135,1892,3026,3618,4244,4961,6722,8396,9304,9489,9491
846	8836
847	451,1699,2020,2084,2151,2166,2431,2745,3067,3241,3590,3602,3621,3689,4043,4178,4222,4331,4862,5224,5570,5973,6193,6227,6558,7130,7489,7586,7640,7855,8252,8287,8378,8882,9391,9483,9560,9561,9695,9965
848	173,319,813,836,1009,1079,1293,1504,2887,3191,3670,3735,3736,3797,4937,5490,5531,5742,6007,6022,6082,6453,6660,7405,7425,7785,8340,8982,9566,9567,9568,9585,9589,9591,9592,9606
849	1177,4272,6260,6967,9096,9647,9652
850	1518,1664,1927,2205,2399,5125,5581,7326,7766,8513,8867,9451,9648,9653
851	4531,4655,6877,8995,9066
852	9688,9689
853	142,342,1102,1155,2828,3022,7643,7644,7656,8540,8719,9617,9618,9702,9706,9763,9764,9789,9817,9832,10104
854	7946,9147,9695
855	2007,5434,7558,8248,9707,9710
856	2052,5829
857	3088,7144,9723
858	9731
859	623,624,790,1336,1627,1930,2062,2143,2280,2497,2703,2741,2836,3063,3204,3300,3661,3709,3796,3820,3823,3947,3979,3980,4043,4502,4523,4696,4937,5065,5189,5413,5444,5481,5575,5711,5923,5984,6066,6251,6533,6539,6646,6657,7050,7134,7135,7571,7572,7573,7575,7672,8286,8300,8671,8696,8782,8932,9175,9406,9469,9586,9695,9757,9759,9991
860	1295,1337,2064,2675,4100,5873,5881,6082,6741,7620,8014,9528,9651,9748,9760
861	9779,9780,9791
862	381,2758,4920,9758,9793
863	1426,2128,3147,3235,3538,4171,5188,5191,7092,8310,9254,9255
864	115,390,391,2360,2657,3138,3349,3940,4451,4565,5842,5843,8193,8206,8251,9678,9725,9959
865	9833
866	9840
867	384,2086,2964,3712,4084,4472,5124,7331,7439,8799,9406
868	9850,9854
869	804,5298,9856,9857
870	9858
871	6334
872	74,1771,2240,4659,5305,5400,5449,5946,6732,9641,9661,9804,9876,9879
873	1296,3342,4893,7146,8128,9878
874	97,558,1046,1381,3596,4872,5073,6021,6711,7167,7428,7612,8117,8182,8254,8379,9342,9786,9941
875	9949,9950,9952
876	693,994,1138,4903,8101,9955,9956,9957
877	6249,9975,9976,9977
878	9991
879	1648,9600,9997
880	1099,1136,1290,5761,10007,10008,10010,10011
881	10021,10022,10023,10033
882	3274,8872,10012,10024
883	2212,2213,2214,2215,2231,4609,5536,7068
884	1070,1518,3252,10051,10052
885	800,1253,2416,2494,3310,3505,5084,7146,7383,7537,8209,8906,10053,10054,10061,10062,10157
886	10075
887	10079
888	4353,7704
889	1616,3703,10103
890	3022,4367,10128
891	2425,10129,10130,10131
892	187,404,487,1093,1231,3678,4738,5189,5196,6948,7653,7659,8856,9100,9272,10137,10138,10139
893	3851,9061,9559,10140,10141
894	1307,1667,1987,2551,3696,4283,4284,5896,6583,6956,7583,9380,9891,10146,10147
